,2,3,4,5,6,7,8,9,10,11,12,13,14,15,16,17,18,19,20,21,22,23,24,25,26,27,28,29,30,31,32,33,34,35,36,37,38,39,40,41,42,43,44,45,46,47,48,49,50,51,52,53,54,55,56,57,58,59,60,61,62,63,64,65,66,67,68,69,70,71,72,73,74,75,76,77,78,79,80,81,82,83,84,85,86,87,88,89,90,91,92,93,94,95,96,97,98,99,100,101,102,103,104,106,107,108,109
2,0.0,52.7,50.97,52.09,49.17,50.73,50.17,48.79,53.16,51.85,49.89,50.45,48.82,50.0,52.07,48.72,49.83,50.0,51.89,50.98,49.49,51.85,52.64,49.16,53.73,49.95,49.83,49.46,51.24,48.42,51.24,52.63,48.69,47.57,52.08,48.58,50.57,48.28,48.57,49.34,49.83,52.7,50.22,53.05,50.44,51.88,48.23,50.17,49.12,48.62,52.19,53.08,51.5,47.54,50.17,53.11,50.62,53.32,53.32,50.24,50.7,52.41,49.3,50.85,43.82,51.41,51.12,48.62,48.24,50.17,49.26,49.49,49.02,48.92,50.0,50.43,47.27,52.93,51.31,50.84,51.91,50.22,52.0,49.16,52.05,51.74,51.04,47.02,49.78,50.47,51.22,51.21,53.26,51.29,47.96,52.9,49.77,50.7,50.81,50.87,48.86,51.17,48.93,51.6,51.25,50.22,51.15
3,52.7,0.0,48.85,46.15,51.36,48.86,49.64,48.68,51.86,49.66,51.2,48.46,48.34,48.83,51.97,50.77,47.23,51.14,47.16,47.81,50.33,48.13,47.03,49.18,50.22,51.18,47.02,51.81,50.91,51.61,48.47,49.29,47.13,51.58,49.77,50.48,50.12,49.22,49.04,50.4,51.62,50.36,51.27,53.53,51.56,52.4,50.16,51.42,49.66,47.39,50.76,50.4,50.56,51.56,51.42,48.85,49.12,52.48,47.63,49.94,49.72,50.96,49.08,50.28,49.94,50.23,50.67,49.71,47.15,50.91,45.29,48.62,50.23,50.67,50.29,49.5,50.63,51.67,49.49,48.38,49.46,48.71,51.95,47.9,47.29,50.47,46.29,47.15,51.42,49.54,50.29,47.89,50.54,50.0,50.63,50.0,50.89,50.34,48.97,50.52,48.73,52.89,50.73,50.3,51.08,51.48,47.06
4,50.97,48.85,0.0,48.33,47.23,48.67,48.33,49.57,48.05,49.57,49.78,48.96,48.31,51.41,48.67,49.25,49.37,49.5,49.29,52.26,50.23,50.06,48.25,52.04,46.88,51.99,49.08,50.1,48.38,50.17,52.12,51.24,51.41,48.82,50.9,52.53,52.02,49.94,49.32,47.01,54.22,52.3,49.1,47.34,48.7,52.66,50.45,48.41,47.6,49.79,47.0,51.04,48.39,50.73,50.34,53.06,50.35,52.03,48.86,50.16,49.83,49.38,51.08,49.11,49.89,50.28,50.05,50.8,49.13,49.58,52.58,50.79,49.56,50.0,49.94,48.89,49.94,49.5,51.33,52.86,49.72,46.14,50.0,49.72,48.78,48.88,51.83,49.35,49.31,51.53,48.44,50.8,51.35,48.2,48.72,48.55,49.63,52.39,51.41,47.64,52.39,49.77,49.21,53.03,51.91,49.88,48.14
5,52.09,46.15,48.33,0.0,52.1,49.05,48.46,49.62,51.61,47.33,50.72,50.18,53.04,50.97,46.26,49.02,48.76,49.1,49.18,49.09,48.14,51.27,50.22,49.77,50.85,50.9,49.6,48.74,50.62,46.94,49.23,46.82,51.83,48.63,49.26,49.84,49.18,49.43,51.92,51.55,45.87,49.17,51.25,49.88,50.52,50.72,47.92,46.24,49.94,49.09,52.33,50.46,49.51,51.1,49.11,50.63,50.77,48.82,48.9,51.11,49.14,49.34,47.81,50.39,48.82,48.06,50.74,51.6,50.11,46.68,49.42,50.22,48.46,49.94,50.52,48.98,51.46,51.08,48.13,48.22,49.56,47.77,50.61,48.59,50.0,51.34,48.39,49.26,50.61,47.69,51.92,50.23,51.29,52.15,50.11,48.13,47.36,47.77,51.32,45.86,48.16,50.21,49.34,48.09,46.14,54.14,49.21
6,49.17,51.36,47.23,52.1,0.0,52.06,47.68,47.88,50.75,50.87,46.97,48.93,50.59,48.98,49.88,51.51,50.5,54.12,51.37,49.66,51.83,51.63,49.57,49.62,52.01,48.34,48.01,51.43,52.54,48.63,48.74,49.18,52.26,49.77,48.77,52.33,46.54,50.28,49.6,49.16,51.61,50.99,53.61,51.49,49.2,52.24,49.53,49.66,51.39,52.59,51.1,49.71,51.51,49.38,50.85,46.64,50.39,47.98,49.78,46.15,49.25,51.15,48.87,47.66,49.37,51.81,48.59,49.05,46.17,49.76,50.93,49.26,51.99,51.52,47.34,50.22,52.7,49.15,50.22,55.67,48.91,48.94,50.11,50.11,48.5,51.58,50.69,49.88,50.6,48.58,50.51,46.59,49.89,52.37,51.63,53.22,49.0,53.68,50.29,46.54,48.94,49.49,50.69,52.42,48.34,48.11,51.25
7,50.73,48.86,48.67,49.05,52.06,0.0,51.98,51.51,49.94,46.84,51.54,50.36,48.78,50.12,48.7,50.52,50.68,54.31,52.12,50.42,50.68,48.94,50.0,52.26,51.2,47.56,49.26,49.14,49.84,49.44,50.95,49.62,50.8,48.72,49.48,48.61,51.76,48.2,48.84,51.05,52.76,53.09,51.48,50.91,48.52,51.89,49.67,48.24,49.21,48.35,50.96,52.18,54.6,45.5,50.44,48.12,50.82,50.54,49.94,49.1,48.52,51.06,47.54,51.4,52.4,50.06,49.77,50.0,49.32,48.68,49.83,49.6,47.99,50.0,49.57,47.5,50.06,48.51,50.06,50.35,52.95,51.14,52.13,50.12,51.45,51.0,48.26,48.11,50.29,49.94,50.79,48.19,49.6,52.59,52.19,48.5,50.23,49.19,52.46,51.1,48.34,50.18,53.61,52.92,52.35,49.32,47.56
8,50.17,49.64,48.33,48.46,47.68,51.98,0.0,50.06,48.76,48.33,48.63,47.96,49.5,52.7,47.11,50.97,49.27,52.0,51.12,53.93,48.58,51.18,48.85,49.07,50.61,48.4,47.87,48.96,50.17,48.22,49.94,46.37,49.41,49.34,48.46,48.5,48.18,48.93,48.89,47.33,48.58,48.63,48.14,49.36,51.38,51.1,50.33,52.3,49.77,48.86,49.45,48.07,48.55,51.34,53.34,48.69,53.72,50.4,47.48,50.28,48.81,46.45,53.06,49.77,48.38,49.78,50.06,48.02,50.58,53.97,46.79,50.0,47.28,49.37,51.38,48.08,50.0,52.76,50.41,48.48,46.85,47.88,50.62,49.95,51.41,49.77,49.94,51.37,51.76,48.39,49.0,48.44,50.58,50.3,46.59,50.0,47.16,49.47,48.98,50.63,51.36,49.32,48.1,49.37,49.53,50.99,45.58
9,48.79,48.68,49.57,49.62,47.88,51.51,50.06,0.0,51.02,49.14,50.76,51.85,49.56,49.61,51.04,49.31,47.64,48.38,49.3,50.63,51.59,49.25,51.28,47.89,47.39,47.93,47.13,47.74,49.95,47.57,51.04,48.71,51.49,52.64,46.87,49.56,50.51,46.3,48.28,47.55,49.48,50.5,48.35,49.49,47.83,50.57,47.52,49.16,50.29,47.53,50.47,47.88,50.23,49.84,49.37,47.66,52.11,46.58,48.45,48.77,50.0,47.99,49.78,48.69,50.16,49.24,51.01,50.12,51.0,47.82,51.46,50.99,49.2,46.74,48.71,49.12,48.83,49.31,48.74,48.12,49.6,52.04,50.39,47.7,45.58,47.47,47.61,47.69,48.67,49.67,51.27,48.48,52.95,50.29,48.02,50.11,51.24,51.74,49.43,50.17,47.55,48.3,46.28,47.83,50.28,49.0,50.06
10,53.16,51.86,48.05,51.61,50.75,49.94,48.76,51.02,0.0,49.23,49.6,49.14,51.17,48.09,51.14,53.01,50.0,49.34,48.97,50.73,48.75,50.28,48.47,48.2,48.86,53.04,49.89,48.87,53.19,50.94,48.6,51.19,46.89,48.57,55.54,49.12,50.16,48.44,48.83,50.39,49.1,51.41,49.77,49.49,48.54,48.44,46.05,49.55,49.95,51.48,52.17,48.67,48.17,51.37,48.24,49.28,53.76,49.77,51.67,51.9,48.2,50.72,50.78,50.85,49.94,48.31,50.34,49.53,49.11,50.0,47.71,49.26,48.56,47.8,52.82,49.22,48.98,50.66,52.81,52.02,52.54,50.17,51.66,51.26,49.89,49.54,51.7,50.62,50.55,50.69,51.36,49.15,50.11,49.03,49.52,49.26,48.39,50.84,49.83,51.06,52.11,51.85,50.29,48.69,49.82,51.25,53.14
11,51.85,49.66,49.57,47.33,50.87,46.84,48.33,49.14,49.23,0.0,50.88,52.56,50.81,47.94,51.35,50.44,47.99,51.7,48.16,48.53,52.69,52.22,50.54,50.9,52.0,47.61,49.37,52.28,50.23,49.55,47.38,50.11,51.95,52.93,53.67,46.56,49.65,55.32,51.35,48.67,48.83,51.07,49.78,50.95,49.82,50.12,47.37,47.22,49.89,49.82,48.26,49.43,51.16,52.1,50.22,49.01,50.95,50.23,53.75,50.39,50.77,49.61,48.94,50.5,49.77,49.04,50.55,51.04,51.02,50.65,52.28,48.65,49.89,50.0,51.29,49.67,50.22,51.76,49.09,53.71,51.18,49.02,50.45,49.89,48.12,52.56,51.69,50.17,49.47,50.86,48.76,49.13,49.58,48.78,49.12,50.89,48.13,46.61,51.24,49.04,52.11,51.51,51.16,50.28,52.76,48.76,51.32
12,49.89,51.2,49.78,50.72,46.97,51.54,48.63,50.76,49.6,50.88,0.0,52.77,49.17,51.35,47.89,51.24,50.69,48.98,49.11,49.78,50.34,49.07,50.67,50.86,51.54,48.38,50.6,49.89,49.94,50.17,50.97,51.26,54.98,48.28,51.89,52.97,52.29,48.21,48.71,50.64,46.93,50.69,51.0,51.08,49.08,51.86,46.88,50.06,48.87,49.47,50.39,50.23,50.0,50.47,51.19,48.39,51.41,51.03,49.52,46.69,49.2,53.67,50.06,52.26,51.26,48.5,49.08,50.78,54.07,48.69,49.6,51.89,52.47,50.16,49.63,49.0,48.7,52.58,49.83,52.51,49.37,50.34,51.91,50.89,48.85,49.72,49.46,50.72,48.3,49.18,51.21,49.45,49.19,51.63,51.09,50.23,51.52,49.06,52.62,53.69,52.26,49.58,51.82,49.72,49.25,52.9,50.12
13,50.45,48.46,48.96,50.18,48.93,50.36,47.96,51.85,49.14,52.56,52.77,0.0,47.45,48.7,48.31,49.07,49.78,50.35,48.89,49.43,51.5,49.23,50.33,50.98,50.35,47.2,47.61,49.89,51.22,51.0,48.14,51.26,51.1,51.0,49.56,51.36,52.31,49.78,50.93,49.36,47.33,47.98,49.78,48.28,48.77,47.95,47.43,51.38,46.75,48.37,48.54,51.79,47.91,48.58,49.66,49.14,49.21,52.38,51.86,50.11,51.81,49.04,49.76,51.79,50.16,47.09,49.78,46.28,48.07,47.5,47.9,50.28,52.39,49.07,47.65,48.49,49.61,47.98,53.22,52.69,48.36,52.03,48.27,50.0,50.9,50.88,48.44,51.75,48.79,50.56,49.29,49.0,52.3,52.89,48.94,48.72,50.17,50.92,47.95,49.21,50.27,53.69,48.37,49.29,50.71,51.3,49.28
14,48.82,48.34,48.31,53.04,50.59,48.78,49.5,49.56,51.17,50.81,49.17,47.45,0.0,50.86,48.71,48.52,52.29,48.06,49.37,49.31,49.09,50.0,51.11,52.58,51.55,50.0,52.02,49.4,53.0,51.21,49.48,50.11,50.11,50.12,47.24,49.83,48.8,49.51,50.06,49.04,50.28,51.36,48.53,50.77,49.0,51.17,50.22,50.35,53.22,47.58,49.55,49.04,50.34,47.74,50.98,49.71,49.89,50.28,50.0,48.39,52.59,49.45,49.09,52.42,54.41,50.23,47.01,47.46,48.27,48.52,50.06,50.41,47.61,49.5,51.12,45.01,50.39,50.65,49.22,49.6,49.67,46.09,52.14,51.2,49.36,51.51,47.89,51.91,51.32,50.62,52.17,48.72,48.71,49.83,47.06,47.47,51.64,49.47,48.44,49.54,46.71,48.4,50.63,50.18,50.83,50.47,48.91
15,50.0,48.83,51.41,50.97,48.98,50.12,52.7,49.61,48.09,47.94,51.35,48.7,50.86,0.0,51.94,54.75,52.85,52.19,47.87,49.72,47.98,48.87,49.73,51.17,47.93,49.16,53.25,51.89,52.11,52.96,48.61,51.04,50.82,51.19,51.48,51.57,48.59,52.0,50.8,48.69,51.49,52.09,52.64,49.17,49.28,47.9,47.44,50.4,49.04,50.22,49.84,53.29,48.69,51.43,48.57,51.31,51.38,48.8,51.16,51.02,51.18,48.95,49.21,51.28,49.11,47.75,47.37,50.11,48.8,49.44,50.57,50.66,48.88,48.73,50.78,51.94,49.94,50.64,49.89,51.41,50.38,48.39,51.42,50.12,49.01,47.34,49.26,50.45,50.88,50.64,48.38,50.85,48.48,49.94,52.88,48.75,53.23,51.92,53.79,51.91,47.96,52.44,49.12,50.64,52.32,47.46,49.83
16,52.07,51.97,48.67,46.26,49.88,48.7,47.11,51.04,51.14,51.35,47.89,48.31,48.71,51.94,0.0,48.41,49.19,46.24,52.85,48.39,52.56,50.62,51.7,50.77,49.84,51.19,48.81,49.57,51.11,49.61,52.0,51.25,47.21,46.15,52.35,50.39,48.45,48.87,46.86,50.8,49.66,51.44,50.98,49.5,48.05,52.38,46.78,48.34,49.2,48.33,49.62,51.85,53.79,50.82,51.27,50.63,55.01,52.26,50.06,50.89,47.19,48.01,49.83,50.8,50.06,50.57,51.51,50.46,50.28,49.49,51.31,50.5,50.12,50.61,50.5,50.68,46.11,51.43,48.31,52.92,48.61,51.48,49.12,51.85,47.49,49.28,50.75,50.93,50.74,51.09,54.29,51.49,49.14,55.39,47.87,45.07,48.51,48.64,50.63,48.66,49.19,50.17,48.29,53.38,51.08,50.41,49.58
17,48.72,50.77,49.25,49.02,51.51,50.52,50.97,49.31,53.01,50.44,51.24,49.07,48.52,54.75,48.41,0.0,48.38,47.4,50.76,53.17,51.55,47.79,50.38,49.55,50.75,50.12,49.31,51.53,48.12,48.93,52.69,51.58,52.38,52.29,51.07,52.86,50.33,51.02,51.72,50.71,49.28,51.34,48.3,50.39,52.28,48.97,49.26,49.42,51.77,50.69,47.5,49.39,52.59,51.33,51.64,49.15,49.74,49.77,48.63,52.15,49.18,49.24,49.09,50.29,49.39,50.06,49.05,50.0,49.26,49.49,49.02,48.68,49.56,46.58,49.63,49.73,51.56,50.74,50.89,48.08,51.35,48.41,52.07,47.79,49.3,48.34,51.95,55.25,50.23,51.8,50.73,52.81,50.56,51.39,51.75,49.36,48.99,50.23,47.75,50.64,48.55,52.14,48.45,50.87,46.11,48.15,49.88
18,49.83,47.23,49.37,48.76,50.5,50.68,49.27,47.64,50.0,47.99,50.69,49.78,52.29,52.85,49.19,48.38,0.0,49.67,51.19,49.72,49.62,51.97,47.53,51.33,52.17,50.77,47.86,52.49,51.24,50.97,52.84,48.02,50.27,46.96,50.32,46.4,49.02,47.19,47.69,48.23,49.41,49.9,50.99,49.88,48.62,48.42,52.16,50.65,50.61,50.11,49.5,52.49,50.11,52.66,54.36,51.01,49.28,49.2,50.58,48.45,50.16,53.49,50.77,49.57,48.91,49.57,51.38,52.73,53.85,50.34,50.69,49.5,48.86,49.24,49.59,48.46,48.89,54.4,48.6,54.08,52.88,48.35,50.24,50.62,46.1,47.19,51.29,51.12,50.6,48.73,52.24,51.42,52.31,50.12,52.31,49.36,50.54,45.83,51.72,48.73,48.81,48.61,50.51,49.83,48.63,50.44,51.33
19,50.0,51.14,49.5,49.1,54.12,54.31,52.0,48.38,49.34,51.7,48.98,50.35,48.06,52.19,46.24,47.4,49.67,0.0,52.14,47.89,50.99,48.35,50.44,49.24,51.15,49.24,51.09,49.36,48.89,48.97,49.29,50.0,50.81,48.56,50.91,48.71,49.58,50.28,49.3,48.65,49.66,50.63,51.5,50.28,46.71,53.16,51.96,50.77,50.63,49.83,47.66,52.04,50.52,52.25,50.77,49.55,50.54,49.44,48.6,49.94,48.88,48.79,50.24,48.05,47.86,48.89,46.68,51.6,50.3,48.61,47.0,52.37,49.35,52.03,51.59,49.84,50.96,46.93,45.79,53.94,50.5,49.37,51.36,48.83,48.54,51.86,48.65,51.42,50.18,49.94,50.72,50.41,51.9,48.22,50.78,51.22,51.52,51.91,47.8,51.95,50.57,47.96,50.23,48.28,51.87,50.06,45.47
20,51.89,47.16,49.29,49.18,51.37,52.12,51.12,49.3,48.97,48.16,49.11,48.89,49.37,47.87,52.85,50.76,51.19,52.14,0.0,46.66,49.65,49.17,49.49,49.66,47.87,48.75,49.21,47.17,50.22,48.13,54.26,50.95,50.61,51.2,48.65,51.09,49.83,46.72,49.88,48.86,53.19,49.19,50.52,48.99,49.15,49.28,52.32,49.22,51.11,48.94,50.82,50.69,54.63,48.07,52.0,50.81,51.65,49.31,49.26,52.56,49.33,49.61,51.08,49.88,51.43,49.58,49.21,47.67,51.52,47.83,48.38,50.74,46.22,53.94,53.06,49.94,53.36,51.12,47.6,51.61,49.67,50.95,49.31,48.2,48.67,50.29,49.88,49.36,48.74,50.82,50.83,47.57,50.4,52.16,47.4,51.58,49.12,48.7,50.05,50.06,52.65,51.68,50.11,51.41,47.32,52.19,47.07
21,50.98,47.81,52.26,49.09,49.66,50.42,53.93,50.63,50.73,48.53,49.78,49.43,49.31,49.72,48.39,53.17,49.72,47.89,46.66,0.0,49.37,51.25,49.89,53.25,49.94,49.67,49.05,48.05,52.16,47.01,49.82,53.44,49.5,50.33,50.61,49.77,49.43,48.79,47.37,49.56,51.11,50.06,50.06,49.83,50.72,50.52,50.78,51.65,50.68,48.75,50.33,48.76,51.94,51.35,49.04,49.89,50.42,50.06,47.0,49.5,51.53,51.54,51.44,50.24,51.62,50.11,48.98,50.17,50.3,52.52,49.89,49.55,49.06,50.75,50.45,48.65,48.84,50.93,47.89,51.94,49.49,46.41,48.06,50.17,50.49,49.59,51.7,50.48,53.04,50.8,51.51,51.31,49.94,53.64,47.43,48.6,50.44,53.6,47.81,47.76,50.45,52.0,51.45,49.24,49.36,47.62,50.42
22,49.49,50.33,50.23,48.14,51.83,50.68,48.58,51.59,48.75,52.69,50.34,51.5,49.09,47.98,52.56,51.55,49.62,50.99,49.65,49.37,0.0,50.39,47.82,53.24,50.34,51.48,49.94,50.4,48.58,52.52,53.69,53.19,49.07,49.05,50.82,48.98,49.7,53.53,50.64,48.64,48.69,51.49,49.71,50.79,47.39,51.2,48.49,50.51,47.26,50.41,48.87,48.84,48.82,48.44,52.61,49.21,51.11,49.94,49.77,47.91,46.0,47.5,51.4,53.73,50.5,50.34,48.6,51.19,47.18,49.21,50.17,51.09,49.39,49.27,49.94,50.79,54.92,50.96,48.98,49.55,53.06,52.54,50.17,50.17,51.02,50.54,51.76,49.66,49.89,52.43,49.88,50.28,52.47,50.9,49.51,51.63,51.21,49.89,48.02,52.66,51.45,50.94,47.39,51.7,48.4,51.07,49.6
23,51.85,48.13,50.06,51.27,51.63,48.94,51.18,49.25,50.28,52.22,49.07,49.23,50.0,48.87,50.62,47.79,51.97,48.35,49.17,51.25,50.39,0.0,49.02,53.51,53.93,51.35,51.24,50.12,48.49,47.76,50.06,49.14,48.72,50.51,51.58,48.72,49.16,49.16,50.43,48.09,52.66,50.61,51.98,49.89,50.71,48.67,49.15,51.19,48.67,50.94,51.65,50.06,52.15,50.33,50.3,51.2,49.72,52.18,49.15,50.5,49.88,49.55,50.74,50.58,47.42,51.18,48.43,50.34,48.0,49.32,49.09,48.89,50.97,47.6,50.11,48.2,53.99,50.81,51.06,50.0,49.79,47.47,50.39,50.4,50.62,50.63,48.28,49.89,51.81,51.98,53.33,48.16,52.82,49.76,48.21,49.13,48.79,52.07,51.85,51.49,48.7,50.5,49.32,50.39,49.28,49.35,50.43
24,52.64,47.03,48.25,50.22,49.57,50.0,48.85,51.28,48.47,50.54,50.67,50.33,51.11,49.73,51.7,50.38,47.53,50.44,49.49,49.89,47.82,49.02,0.0,52.13,49.89,49.22,50.18,51.3,49.73,49.83,50.11,51.87,50.38,51.31,51.23,50.51,47.34,49.14,53.06,50.44,50.59,49.94,50.37,49.18,48.72,48.93,49.58,50.83,51.65,51.27,47.29,49.89,49.44,48.42,50.0,48.1,52.98,50.88,52.0,47.9,51.34,49.38,51.66,50.7,48.07,51.38,46.99,49.61,50.75,48.2,47.23,49.46,46.78,49.76,49.61,50.56,50.49,51.77,48.53,50.62,48.68,50.4,47.47,48.65,50.77,52.13,51.74,48.89,49.23,48.14,46.65,52.79,49.71,49.27,47.34,50.62,50.43,51.24,49.61,52.78,49.07,49.02,48.61,50.23,48.77,48.03,49.53
25,49.16,49.18,52.04,49.77,49.62,52.26,49.07,47.89,48.2,50.9,50.86,50.98,52.58,51.17,50.77,49.55,51.33,49.24,49.66,53.25,53.24,53.51,52.13,0.0,50.33,51.18,52.05,50.21,50.93,48.28,51.12,50.54,49.5,50.34,47.75,51.43,51.94,49.32,48.41,50.93,49.54,51.16,49.77,49.22,50.75,50.29,49.09,51.56,52.24,52.04,51.27,52.02,51.81,47.67,51.41,50.41,53.58,50.27,50.64,49.47,50.87,51.65,48.51,52.44,50.34,54.25,49.94,49.03,49.52,49.78,49.43,52.35,47.88,50.28,52.39,49.94,52.51,51.44,51.68,52.22,51.27,51.48,47.54,49.04,52.11,50.12,49.02,53.42,51.27,51.44,53.12,51.68,51.31,54.18,49.49,51.77,48.96,48.19,52.59,47.24,48.5,52.52,50.06,49.49,52.01,49.78,47.48
26,53.73,50.22,46.88,50.85,52.01,51.2,50.61,47.39,48.86,52.0,51.54,50.35,51.55,47.93,49.84,50.75,52.17,51.15,47.87,49.94,50.34,53.93,49.89,50.33,0.0,52.6,48.36,51.88,48.87,49.77,48.42,50.39,51.39,50.0,50.68,52.14,49.76,48.54,50.68,45.55,50.86,48.72,52.1,50.18,50.6,49.33,46.18,53.03,51.89,51.99,52.84,54.13,53.61,47.13,51.75,51.88,51.9,51.37,51.24,47.25,48.87,46.67,51.23,51.41,52.36,48.78,51.58,48.93,48.55,50.74,48.11,50.5,49.39,47.84,49.08,49.83,47.85,50.0,50.27,49.13,49.04,49.83,50.69,51.49,49.7,50.12,51.32,51.13,49.62,52.73,50.69,48.68,51.68,48.32,48.94,52.71,50.33,50.36,50.12,50.06,51.99,52.66,51.23,51.43,48.29,50.06,48.79
27,49.95,51.18,51.99,50.9,48.34,47.56,48.4,47.93,53.04,47.61,48.38,47.2,50.0,49.16,51.19,50.12,50.77,49.24,48.75,49.67,51.48,51.35,49.22,51.18,52.6,0.0,51.39,47.04,51.03,52.97,47.22,51.47,48.99,49.67,49.66,49.2,49.42,50.06,48.68,48.3,54.7,50.56,48.36,51.79,49.0,51.12,50.17,48.72,49.48,51.48,49.37,50.12,47.89,49.83,49.95,49.26,47.76,51.6,47.67,52.9,54.11,49.17,48.38,48.03,49.82,51.79,50.72,51.13,52.14,48.34,51.83,50.96,48.05,52.94,51.87,50.29,49.49,49.05,51.67,52.72,50.59,51.86,50.75,50.65,50.9,48.89,49.49,51.09,51.27,48.9,52.93,52.99,50.43,49.7,52.86,50.48,48.05,50.4,50.61,49.06,46.89,50.47,48.92,51.75,49.71,49.16,50.11
28,49.83,47.02,49.08,49.6,48.01,49.26,47.87,47.13,49.89,49.37,50.6,47.61,52.02,53.25,48.81,49.31,47.86,51.09,49.21,49.05,49.94,51.24,50.18,52.05,48.36,51.39,0.0,46.34,49.61,50.99,51.39,48.17,50.63,50.68,47.76,48.87,50.23,47.13,52.05,48.76,50.63,50.91,50.17,49.14,52.07,50.8,50.57,50.06,51.31,49.71,50.35,47.8,46.76,47.99,49.47,50.85,49.3,51.25,48.09,49.11,50.71,52.77,45.95,49.58,49.42,50.77,51.3,51.12,50.34,48.58,48.89,54.7,50.18,47.82,50.06,50.06,50.91,48.43,51.6,50.17,48.68,49.89,51.66,50.94,49.65,49.08,52.49,49.83,53.0,47.21,48.09,52.3,51.95,50.56,50.68,46.99,50.74,49.5,49.32,51.09,49.09,49.89,49.05,51.2,50.73,47.54,51.85
29,49.46,51.81,50.1,48.74,51.43,49.14,48.96,47.74,48.87,52.28,49.89,49.89,49.4,51.89,49.57,51.53,52.49,49.36,47.17,48.05,50.4,50.12,51.3,50.21,51.88,47.04,46.34,0.0,50.76,47.88,48.9,52.6,48.69,50.46,49.15,48.58,50.16,49.51,49.08,50.6,51.95,51.58,49.78,50.61,49.01,50.96,46.42,49.88,51.98,51.23,46.3,50.67,47.64,50.66,50.52,46.7,48.67,49.77,49.22,48.21,51.92,49.95,48.97,48.67,49.29,50.67,49.83,51.69,47.76,49.57,50.86,48.5,49.06,49.89,46.17,48.01,48.98,53.66,47.71,49.61,48.13,50.21,52.0,53.71,53.68,49.51,51.53,50.84,51.85,48.35,51.85,47.43,52.9,53.65,49.89,50.83,47.59,48.98,49.62,47.44,48.48,51.49,52.18,51.95,52.06,50.23,50.18
30,51.24,50.91,48.38,50.62,52.54,49.84,50.17,49.95,53.19,50.23,49.94,51.22,53.0,52.11,51.11,48.12,51.24,48.89,50.22,52.16,48.58,48.49,49.73,50.93,48.87,51.03,49.61,50.76,0.0,50.28,49.55,50.63,50.71,53.13,50.16,52.53,48.08,48.22,49.0,49.1,51.61,49.66,52.86,50.78,51.28,52.01,49.4,46.59,48.97,50.49,48.83,50.0,52.53,54.12,50.65,49.17,48.28,52.49,50.83,47.81,49.14,49.26,49.15,52.16,53.22,50.5,49.1,51.93,52.95,50.81,50.97,49.77,49.08,51.95,51.52,47.23,48.01,46.42,49.12,53.2,52.93,50.75,51.52,52.62,50.7,49.83,47.88,50.53,51.69,47.95,49.77,49.39,48.23,48.56,50.55,50.12,47.84,51.36,50.39,50.24,47.2,49.66,50.53,48.18,48.65,48.66,53.26
31,48.42,51.61,50.17,46.94,48.63,49.44,48.22,47.57,50.94,49.55,50.17,51.0,51.21,52.96,49.61,48.93,50.97,48.97,48.13,47.01,52.52,47.76,49.83,48.28,49.77,52.97,50.99,47.88,50.28,0.0,50.65,53.61,51.37,47.58,50.22,45.48,51.19,50.77,50.11,49.29,51.23,49.77,50.11,46.98,45.24,52.84,47.96,51.64,50.78,49.36,49.94,49.95,50.51,49.6,47.04,48.53,51.83,52.03,51.11,48.34,52.8,46.2,49.33,52.13,48.57,49.77,48.41,49.21,51.73,52.86,48.0,47.0,50.32,50.48,50.17,48.93,48.55,48.56,48.04,51.82,50.97,48.2,52.32,53.88,49.39,52.11,50.54,52.67,50.45,48.11,49.47,50.0,50.48,53.02,49.61,50.67,49.3,49.23,47.88,49.32,49.89,52.38,47.65,49.51,53.22,47.67,48.32
32,51.24,48.47,52.12,49.23,48.74,50.95,49.94,51.04,48.6,47.38,50.97,48.14,49.48,48.61,52.0,52.69,52.84,49.29,54.26,49.82,53.69,50.06,50.11,51.12,48.42,47.22,51.39,48.9,49.55,50.65,0.0,49.35,50.76,48.45,51.44,47.23,49.38,51.36,50.11,48.45,48.64,51.61,50.36,49.23,48.41,52.21,47.25,48.65,46.65,50.12,47.78,51.84,49.78,49.83,48.24,51.54,52.22,51.78,50.97,50.06,49.54,49.17,51.21,50.92,49.65,52.39,48.2,50.67,53.6,50.58,48.24,50.0,53.87,48.66,51.51,49.66,49.77,51.64,50.0,50.05,49.89,49.73,53.39,51.41,47.98,49.2,48.63,49.26,49.88,48.42,46.77,53.21,52.05,50.91,48.23,52.61,52.05,50.12,52.03,52.43,49.49,48.6,50.39,51.16,49.57,54.91,50.88
33,52.63,49.29,51.24,46.82,49.18,49.62,46.37,48.71,51.19,50.11,51.26,51.26,50.11,51.04,51.25,51.58,48.02,50.0,50.95,53.44,53.19,49.14,51.87,50.54,50.39,51.47,48.17,52.6,50.63,53.61,49.35,0.0,48.07,50.9,49.26,48.25,48.99,50.92,47.72,51.89,48.98,49.77,47.96,50.0,49.83,52.21,49.29,49.05,48.78,50.27,54.0,54.25,51.93,50.23,49.32,51.91,51.34,49.78,49.38,51.7,50.0,51.09,49.73,48.11,53.08,50.8,51.18,49.89,49.51,50.06,50.63,51.86,50.11,49.15,52.37,48.1,51.02,51.12,52.57,47.6,50.0,51.14,50.06,50.05,50.59,48.18,50.83,50.61,51.48,51.76,51.87,49.62,52.56,49.89,50.17,48.55,48.68,50.22,52.13,49.83,48.55,51.73,51.42,49.67,49.11,48.0,50.62
34,48.69,47.13,51.41,51.83,52.26,50.8,49.41,51.49,46.89,51.95,54.98,51.1,50.11,50.82,47.21,52.38,50.27,50.81,50.61,49.5,49.07,48.72,50.38,49.5,51.39,48.99,50.63,48.69,50.71,51.37,50.76,48.07,0.0,49.49,48.28,48.05,53.03,48.96,49.39,52.33,50.41,51.24,50.0,47.57,50.12,51.89,52.42,49.4,47.67,50.22,52.34,48.32,51.79,51.16,51.24,50.55,50.74,50.97,48.08,53.2,50.74,50.51,47.96,51.07,54.85,47.94,48.67,49.75,51.96,49.26,51.34,51.63,49.32,51.06,52.03,52.02,47.81,51.9,47.49,51.07,50.26,49.14,51.3,48.74,50.51,51.04,49.94,50.0,49.88,48.83,49.07,48.89,51.99,52.77,48.22,50.75,52.11,49.44,50.87,48.51,49.21,49.41,50.78,54.67,50.74,51.08,53.02
35,47.57,51.58,48.82,48.63,49.77,48.72,49.34,52.64,48.57,52.93,48.28,51.0,50.12,51.19,46.15,52.29,46.96,48.56,51.2,50.33,49.05,50.51,51.31,50.34,50.0,49.67,50.68,50.46,53.13,47.58,48.45,50.9,49.49,0.0,49.19,49.29,56.12,48.62,49.11,49.34,49.73,49.89,50.45,48.87,52.86,49.83,48.7,52.34,50.22,49.94,47.41,49.44,49.59,51.63,50.8,50.36,49.38,50.83,49.89,49.57,50.99,47.34,50.92,50.06,51.02,47.64,49.27,51.34,49.67,51.36,52.04,51.01,49.45,48.73,50.11,47.78,48.71,50.88,49.51,51.49,50.05,54.8,50.46,51.06,50.38,52.83,49.14,51.23,49.62,49.24,48.5,52.41,45.07,54.61,47.4,53.21,49.65,52.12,50.97,51.67,50.24,49.36,48.03,48.64,52.3,49.55,47.72
36,52.08,49.77,50.9,49.26,48.77,49.48,48.46,46.87,55.54,53.67,51.89,49.56,47.24,51.48,52.35,51.07,50.32,50.91,48.65,50.61,50.82,51.58,51.23,47.75,50.68,49.66,47.76,49.15,50.16,50.22,51.44,49.26,48.28,49.19,0.0,50.0,51.47,49.0,50.17,51.84,48.14,51.16,49.12,50.93,49.4,49.19,51.23,51.75,49.04,48.43,49.66,51.52,48.73,48.97,52.28,50.86,50.75,47.43,46.88,50.4,46.24,48.41,50.0,49.4,50.44,48.37,48.75,51.39,50.55,50.79,52.73,49.94,49.26,52.63,49.13,47.77,47.99,51.92,47.22,51.49,48.49,51.48,49.48,50.23,53.58,50.27,50.63,51.52,48.49,48.19,48.74,46.49,48.82,51.37,49.12,50.9,48.19,50.27,49.25,49.13,47.34,49.65,49.31,48.59,52.15,50.23,48.86
37,48.58,50.48,52.53,49.84,52.33,48.61,48.5,49.56,49.12,46.56,52.97,51.36,49.83,51.57,50.39,52.86,46.4,48.71,51.09,49.77,48.98,48.72,50.51,51.43,52.14,49.2,48.87,48.58,52.53,45.48,47.23,48.25,48.05,49.29,50.0,0.0,52.87,49.13,48.04,46.73,51.59,48.83,50.06,53.19,47.29,51.29,48.05,48.12,52.68,48.83,52.44,48.7,50.61,47.04,49.89,46.93,52.34,51.58,50.47,51.91,49.2,50.23,49.47,51.44,49.2,50.0,48.51,49.83,50.18,52.02,51.63,51.04,49.65,47.56,50.33,46.03,51.22,50.94,49.79,51.31,46.83,49.25,51.57,50.99,50.49,51.96,50.92,48.22,45.72,50.45,49.14,51.34,47.49,51.16,50.99,51.69,51.57,50.43,51.53,51.56,51.79,50.0,47.93,50.3,49.19,49.77,49.72
38,50.57,50.12,52.02,49.18,46.54,51.76,48.18,50.51,50.16,49.65,52.29,52.31,48.8,48.59,48.45,50.33,49.02,49.58,49.83,49.43,49.7,49.16,47.34,51.94,49.76,49.42,50.23,50.16,48.08,51.19,49.38,48.99,53.03,56.12,51.47,52.87,0.0,48.25,51.48,49.25,47.76,50.22,47.44,50.55,48.78,50.59,48.73,47.57,47.37,50.0,50.72,50.54,50.06,47.29,51.65,51.39,52.73,50.79,51.72,50.57,50.6,48.93,51.97,51.44,51.11,53.43,50.79,48.15,47.59,51.51,49.77,48.52,50.77,50.49,51.68,51.06,50.74,51.28,50.58,49.59,50.7,51.85,51.68,46.88,49.17,48.79,50.47,52.38,48.56,51.24,48.86,46.67,48.07,51.23,52.51,49.0,49.89,48.33,47.74,51.68,47.39,51.21,48.95,51.49,52.99,51.27,48.41
39,48.28,49.22,49.94,49.43,50.28,48.2,48.93,46.3,48.44,55.32,48.21,49.78,49.51,52.0,48.87,51.02,47.19,50.28,46.72,48.79,53.53,49.16,49.14,49.32,48.54,50.06,47.13,49.51,48.22,50.77,51.36,50.92,48.96,48.62,49.0,49.13,48.25,0.0,48.9,50.87,51.95,49.18,52.1,50.27,46.36,48.28,48.88,48.3,50.47,49.36,50.22,52.45,51.76,47.85,46.6,49.0,49.71,50.96,50.47,47.64,48.06,51.47,51.31,50.06,49.04,51.72,48.56,52.12,50.17,48.39,50.17,51.34,48.45,48.36,48.37,51.15,51.58,49.0,50.0,50.29,49.4,49.5,52.26,52.36,49.53,47.45,49.13,48.94,46.67,52.4,50.06,50.92,50.28,47.8,47.69,50.22,50.06,50.63,49.6,53.78,49.78,49.16,51.11,46.42,52.6,47.08,51.36
40,48.57,49.04,49.32,51.92,49.6,48.84,48.89,48.28,48.83,51.35,48.71,50.93,50.06,50.8,46.86,51.72,47.69,49.3,49.88,47.37,50.64,50.43,53.06,48.41,50.68,48.68,52.05,49.08,49.0,50.11,50.11,47.72,49.39,49.11,50.17,48.04,51.48,48.9,0.0,51.41,47.42,48.99,47.03,50.17,47.88,51.42,50.22,49.84,49.66,50.12,49.16,48.91,51.51,48.61,49.2,51.95,49.78,50.79,49.94,48.01,50.89,49.37,49.71,48.74,49.67,49.48,46.33,51.47,50.11,50.18,49.16,52.63,48.54,49.89,50.29,52.1,49.24,49.72,50.9,49.89,48.95,50.23,50.06,49.18,45.11,49.17,51.72,48.8,50.0,50.69,49.19,50.52,52.46,50.23,50.89,52.23,52.31,51.11,51.78,50.0,47.23,49.42,50.06,48.89,51.56,46.86,48.87
41,49.34,50.4,47.01,51.55,49.16,51.05,47.33,47.55,50.39,48.67,50.64,49.36,49.04,48.69,50.8,50.71,48.23,48.65,48.86,49.56,48.64,48.09,50.44,50.93,45.55,48.3,48.76,50.6,49.1,49.29,48.45,51.89,52.33,49.34,51.84,46.73,49.25,50.87,51.41,0.0,50.22,50.0,53.69,46.2,47.0,50.95,51.55,52.66,48.99,50.29,48.57,49.77,50.77,49.58,50.69,52.05,51.1,49.04,47.52,49.31,47.92,51.0,49.88,49.94,50.41,49.88,50.28,50.42,49.78,49.32,48.95,50.0,51.85,48.09,51.04,49.5,50.28,53.19,49.62,51.34,48.69,49.78,51.12,49.78,49.89,50.67,50.43,47.42,49.82,50.64,49.82,52.12,51.81,50.58,50.12,50.79,47.98,49.44,50.28,53.19,48.51,50.35,48.5,48.95,51.9,46.75,51.27
42,49.83,51.62,54.22,45.87,51.61,52.76,48.58,49.48,49.1,48.83,46.93,47.33,50.28,51.49,49.66,49.28,49.41,49.66,53.19,51.11,48.69,52.66,50.59,49.54,50.86,54.7,50.63,51.95,51.61,51.23,48.64,48.98,50.41,49.73,48.14,51.59,47.76,51.95,47.42,50.22,0.0,50.71,51.03,48.98,51.41,47.76,48.25,52.47,48.38,51.44,49.38,49.83,51.64,51.79,50.17,50.9,52.25,50.46,50.99,49.77,48.5,49.63,50.75,50.0,51.59,49.02,49.48,48.47,52.28,49.95,51.9,48.54,50.05,51.02,51.31,48.79,52.3,51.0,49.89,48.94,51.46,48.38,48.09,49.49,49.95,51.42,50.77,51.54,49.0,49.72,50.34,48.71,49.89,51.84,52.89,48.66,50.12,49.94,49.02,47.47,49.95,49.64,49.44,50.22,49.33,50.63,51.08
43,52.7,50.36,52.3,49.17,50.99,53.09,48.63,50.5,51.41,51.07,50.69,47.98,51.36,52.09,51.44,51.34,49.9,50.63,49.19,50.06,51.49,50.61,49.94,51.16,48.72,50.56,50.91,51.58,49.66,49.77,51.61,49.77,51.24,49.89,51.16,48.83,50.22,49.18,48.99,50.0,50.71,0.0,53.41,51.03,50.06,52.93,51.22,48.28,49.94,52.63,53.79,52.51,49.82,51.23,48.77,49.6,49.49,50.24,52.74,49.83,51.42,52.52,49.07,52.44,50.85,52.26,49.44,51.52,49.49,53.74,53.08,50.06,47.77,48.9,50.4,53.11,50.21,51.02,50.57,50.22,51.83,47.02,52.26,51.25,49.14,46.94,51.78,51.86,50.9,48.74,48.49,48.57,52.56,47.88,48.49,48.08,53.06,52.67,53.41,50.94,51.97,52.95,49.83,52.6,53.08,50.06,49.61
44,50.22,51.27,49.1,51.25,53.61,51.48,48.14,48.35,49.77,49.78,51.0,49.78,48.53,52.64,50.98,48.3,50.99,51.5,50.52,50.06,49.71,51.98,50.37,49.77,52.1,48.36,50.17,49.78,52.86,50.11,50.36,47.96,50.0,50.45,49.12,50.06,47.44,52.1,47.03,53.69,51.03,53.41,0.0,49.0,51.88,49.34,52.55,48.5,52.04,49.38,50.45,51.86,52.18,49.25,47.96,51.7,52.16,52.43,48.57,50.84,47.36,48.78,48.28,51.7,49.67,53.01,49.67,51.03,48.38,50.23,49.71,51.07,48.53,48.82,52.48,48.91,48.75,49.71,48.0,51.4,51.76,49.89,51.65,50.22,49.06,49.53,49.77,51.57,50.92,52.22,50.52,49.13,50.55,49.1,50.23,48.42,49.32,48.75,50.69,50.96,51.46,52.42,51.03,51.69,51.06,49.48,49.58
45,53.05,53.53,47.34,49.88,51.49,50.91,49.36,49.49,49.49,50.95,51.08,48.28,50.77,49.17,49.5,50.39,49.88,50.28,48.99,49.83,50.79,49.89,49.18,49.22,50.18,51.79,49.14,50.61,50.78,46.98,49.23,50.0,47.57,48.87,50.93,53.19,50.55,50.27,50.17,46.2,48.98,51.03,49.0,0.0,50.46,48.81,49.37,48.16,48.83,52.54,50.57,52.59,46.14,49.1,48.58,48.61,51.55,48.38,49.78,49.7,53.78,51.05,48.89,50.72,48.87,50.06,48.18,53.01,49.35,48.83,48.35,50.61,52.38,51.12,52.29,49.89,51.37,45.59,50.0,54.15,50.45,50.24,50.35,45.11,49.21,49.47,48.99,48.25,50.8,49.12,48.38,48.65,52.17,45.96,47.83,48.64,48.75,48.23,51.82,48.45,53.33,47.76,46.78,51.19,52.21,46.92,48.71
46,50.44,51.56,48.7,50.52,49.2,48.52,51.38,47.83,48.54,49.82,49.08,48.77,49.0,49.28,48.05,52.28,48.62,46.71,49.15,50.72,47.39,50.71,48.72,50.75,50.6,49.0,52.07,49.01,51.28,45.24,48.41,49.83,50.12,52.86,49.4,47.29,48.78,46.36,47.88,47.0,51.41,50.06,51.88,50.46,0.0,48.06,50.57,49.6,49.41,48.64,49.6,49.83,49.47,51.6,50.37,46.92,50.92,52.74,47.25,50.29,50.45,49.82,51.91,48.45,51.67,48.4,51.23,49.22,51.08,52.18,50.06,51.48,50.88,49.27,52.38,50.78,51.31,51.19,50.87,48.57,54.16,47.48,52.28,51.04,48.62,50.29,50.42,51.74,50.65,51.19,51.95,47.39,51.68,50.18,49.95,48.79,48.11,49.89,49.01,47.36,50.39,49.62,47.39,50.65,47.31,50.81,48.86
47,51.88,52.4,52.66,50.72,52.24,51.89,51.1,50.57,48.44,50.12,51.86,47.95,51.17,47.9,52.38,48.97,48.42,53.16,49.28,50.52,51.2,48.67,48.93,50.29,49.33,51.12,50.8,50.96,52.01,52.84,52.21,52.21,51.89,49.83,49.19,51.29,50.59,48.28,51.42,50.95,47.76,52.93,49.34,48.81,48.06,0.0,47.13,51.65,50.63,52.89,48.5,52.01,50.48,50.51,52.0,49.36,50.0,52.47,52.57,52.76,48.13,49.19,50.12,50.29,52.86,47.18,48.91,53.98,49.21,50.3,48.15,50.17,48.22,51.01,51.63,49.43,49.34,50.34,51.0,49.88,51.54,48.33,53.14,53.4,46.93,49.15,49.09,48.65,53.94,51.67,50.24,46.53,49.51,47.97,47.59,47.11,51.93,52.45,48.75,50.11,50.0,52.1,50.73,49.69,49.27,49.25,47.91
48,48.23,50.16,50.45,47.92,49.53,49.67,50.33,47.52,46.05,47.37,46.88,47.43,50.22,47.44,46.78,49.26,52.16,51.96,52.32,50.78,48.49,49.15,49.58,49.09,46.18,50.17,50.57,46.42,49.4,47.96,47.25,49.29,52.42,48.7,51.23,48.05,48.73,48.88,50.22,51.55,48.25,51.22,52.55,49.37,50.57,47.13,0.0,48.84,48.59,48.58,52.68,51.99,51.26,46.51,47.58,47.71,51.9,50.57,47.88,48.87,48.73,46.79,50.06,48.56,50.56,48.91,49.38,48.97,50.29,49.49,45.79,52.54,49.83,53.8,47.73,48.03,47.67,46.76,47.72,52.38,51.44,52.0,49.33,49.28,46.24,49.43,47.05,46.86,51.08,49.71,47.54,50.64,52.72,50.28,46.42,52.26,52.13,52.98,48.38,46.61,49.05,50.45,49.58,51.61,52.72,48.28,48.77
49,50.17,51.42,48.41,46.24,49.66,48.24,52.3,49.16,49.55,47.22,50.06,51.38,50.35,50.4,48.34,49.42,50.65,50.77,49.22,51.65,50.51,51.19,50.83,51.56,53.03,48.72,50.06,49.88,46.59,51.64,48.65,49.05,49.4,52.34,51.75,48.12,47.57,48.3,49.84,52.66,52.47,48.28,48.5,48.16,49.6,51.65,48.84,0.0,51.67,51.04,50.79,47.85,51.36,49.37,47.75,48.14,48.5,49.76,49.94,49.6,47.34,49.0,49.53,48.67,50.73,48.14,51.81,52.3,51.17,47.82,48.94,50.06,50.16,48.3,50.0,50.54,49.56,50.9,47.82,49.07,51.43,49.13,53.74,49.94,53.57,49.72,51.39,49.88,52.24,47.26,51.44,47.01,52.6,46.75,49.07,51.2,50.55,48.14,48.39,47.42,49.7,49.43,48.77,50.85,50.71,51.01,50.41
50,49.12,49.66,47.6,49.94,51.39,49.21,49.77,50.29,49.95,49.89,48.87,46.75,53.22,49.04,49.2,51.77,50.61,50.63,51.11,50.68,47.26,48.67,51.65,52.24,51.89,49.48,51.31,51.98,48.97,50.78,46.65,48.78,47.67,50.22,49.04,52.68,47.37,50.47,49.66,48.99,48.38,49.94,52.04,48.83,49.41,50.63,48.59,51.67,0.0,50.72,48.98,51.93,49.54,51.68,48.85,49.04,48.35,46.09,50.45,50.87,52.41,48.34,49.42,50.81,50.11,51.2,50.74,46.42,49.89,51.53,48.83,47.93,48.16,48.5,48.14,49.06,47.23,49.94,46.51,50.35,48.6,49.13,48.72,50.8,49.38,51.23,48.96,47.08,47.81,52.01,48.44,50.4,47.57,51.07,48.05,49.25,46.95,51.33,51.78,48.21,50.75,50.85,48.52,50.73,53.13,47.81,50.49
51,48.62,47.39,49.79,49.09,52.59,48.35,48.86,47.53,51.48,49.82,49.47,48.37,47.58,50.22,48.33,50.69,50.11,49.83,48.94,48.75,50.41,50.94,51.27,52.04,51.99,51.48,49.71,51.23,50.49,49.36,50.12,50.27,50.22,49.94,48.43,48.83,50.0,49.36,50.12,50.29,51.44,52.63,49.38,52.54,48.64,52.89,48.58,51.04,50.72,0.0,49.36,51.61,49.16,53.64,49.76,47.62,50.39,49.55,47.54,48.97,46.53,51.86,51.23,51.22,48.68,51.66,48.72,50.23,50.0,50.7,49.24,50.58,50.51,49.25,48.35,51.28,49.29,51.91,50.66,50.83,51.14,48.74,47.4,50.06,49.65,52.02,47.56,49.06,47.0,49.67,48.9,51.42,49.89,47.33,46.19,48.37,48.89,48.18,50.53,48.83,51.94,50.96,49.32,50.28,54.78,48.13,45.97
52,52.19,50.76,47.0,52.33,51.1,50.96,49.45,50.47,52.17,48.26,50.39,48.54,49.55,49.84,49.62,47.5,49.5,47.66,50.82,50.33,48.87,51.65,47.29,51.27,52.84,49.37,50.35,46.3,48.83,49.94,47.78,54.0,52.34,47.41,49.66,52.44,50.72,50.22,49.16,48.57,49.38,53.79,50.45,50.57,49.6,48.5,52.68,50.79,48.98,49.36,0.0,48.78,49.2,50.38,49.6,49.43,49.67,50.05,48.45,51.94,50.56,53.15,48.42,53.72,51.16,50.0,51.63,50.59,48.77,48.92,46.93,51.48,49.94,48.85,51.39,52.52,52.9,48.75,47.62,51.02,47.98,47.84,51.35,49.4,51.03,49.02,50.0,51.01,49.61,49.82,50.45,49.71,50.87,47.89,48.07,51.06,50.89,49.94,48.97,48.89,49.76,47.74,47.74,49.48,48.39,53.09,51.82
53,53.08,50.4,51.04,50.46,49.71,52.18,48.07,47.88,48.67,49.43,50.23,51.79,49.04,53.29,51.85,49.39,52.49,52.04,50.69,48.76,48.84,50.06,49.89,52.02,54.13,50.12,47.8,50.67,50.0,49.95,51.84,54.25,48.32,49.44,51.52,48.7,50.54,52.45,48.91,49.77,49.83,52.51,51.86,52.59,49.83,52.01,51.99,47.85,51.93,51.61,48.78,0.0,48.76,51.86,46.42,52.24,50.0,48.95,47.91,48.78,51.31,50.21,51.97,48.14,53.05,51.02,50.17,51.46,52.47,47.23,51.31,50.39,51.61,47.79,49.49,50.34,50.72,49.72,48.82,49.28,51.49,49.25,50.98,48.51,49.51,52.81,47.06,50.17,52.29,49.48,51.89,46.14,52.41,51.55,47.25,49.77,48.87,48.69,51.8,51.17,52.06,50.47,48.74,50.86,53.54,51.53,50.5
54,51.5,50.56,48.39,49.51,51.51,54.6,48.55,50.23,48.17,51.16,50.0,47.91,50.34,48.69,53.79,52.59,50.11,50.52,54.63,51.94,48.82,52.15,49.44,51.81,53.61,47.89,46.76,47.64,52.53,50.51,49.78,51.93,51.79,49.59,48.73,50.61,50.06,51.76,51.51,50.77,51.64,49.82,52.18,46.14,49.47,50.48,51.26,51.36,49.54,49.16,49.2,48.76,0.0,50.22,49.16,50.34,52.39,51.28,50.0,50.57,52.22,50.28,49.03,50.0,49.38,43.8,47.04,49.29,49.49,48.57,49.58,51.6,49.82,49.72,48.58,51.39,52.83,50.17,49.66,52.63,48.31,48.45,50.22,51.01,52.69,53.39,51.37,45.36,49.52,49.38,51.33,49.77,52.4,49.58,51.1,50.45,49.66,51.39,49.51,51.06,49.83,50.0,51.55,52.02,49.31,47.2,51.0
55,47.54,51.56,50.73,51.1,49.38,45.5,51.34,49.84,51.37,52.1,50.47,48.58,47.74,51.43,50.82,51.33,52.66,52.25,48.07,51.35,48.44,50.33,48.42,47.67,47.13,49.83,47.99,50.66,54.12,49.6,49.83,50.23,51.16,51.63,48.97,47.04,47.29,47.85,48.61,49.58,51.79,51.23,49.25,49.1,51.6,50.51,46.51,49.37,51.68,53.64,50.38,51.86,50.22,0.0,48.99,48.35,46.96,53.75,48.12,48.12,48.15,54.32,50.71,50.45,50.0,49.72,50.46,51.52,50.35,49.82,50.46,50.23,49.35,49.41,51.32,52.27,48.87,49.83,50.28,48.51,51.71,47.13,51.21,52.65,49.08,49.88,53.2,48.67,47.81,50.06,51.74,48.96,48.31,50.24,51.15,44.24,49.49,50.69,50.17,48.16,52.07,50.24,48.97,50.82,48.94,50.58,49.22
56,50.17,51.42,50.34,49.11,50.85,50.44,53.34,49.37,48.24,50.22,51.19,49.66,50.98,48.57,51.27,51.64,54.36,50.77,52.0,49.04,52.61,50.3,50.0,51.41,51.75,49.95,49.47,50.52,50.65,47.04,48.24,49.32,51.24,50.8,52.28,49.89,51.65,46.6,49.2,50.69,50.17,48.77,47.96,48.58,50.37,52.0,47.58,47.75,48.85,49.76,49.6,46.42,49.16,48.99,0.0,50.65,50.16,49.94,48.82,50.64,48.58,52.55,48.79,52.78,50.45,50.59,49.06,47.21,50.65,49.51,50.28,50.7,50.46,49.24,49.22,49.94,50.34,47.46,48.92,53.99,49.54,48.18,49.95,50.49,47.53,50.5,49.77,48.76,51.24,49.32,52.09,49.09,48.86,51.75,50.69,49.49,50.89,48.55,49.14,50.0,49.78,48.48,48.99,51.79,48.1,51.17,49.79
57,53.11,48.85,53.06,50.63,46.64,48.12,48.69,47.66,49.28,49.01,48.39,49.14,49.71,51.31,50.63,49.15,51.01,49.55,50.81,49.89,49.21,51.2,48.1,50.41,51.88,49.26,50.85,46.7,49.17,48.53,51.54,51.91,50.55,50.36,50.86,46.93,51.39,49.0,51.95,52.05,50.9,49.6,51.7,48.61,46.92,49.36,47.71,48.14,49.04,47.62,49.43,52.24,50.34,48.35,50.65,0.0,50.73,50.0,48.44,47.48,48.97,48.86,51.36,48.64,53.89,46.62,47.32,50.98,48.85,49.34,46.41,50.65,48.07,50.17,51.18,49.78,50.33,48.88,47.12,48.6,48.42,48.65,50.84,49.26,49.21,50.91,51.19,50.78,51.33,49.25,52.76,47.66,50.81,49.48,50.57,47.84,48.45,48.18,47.48,48.1,51.89,50.86,49.05,50.84,49.67,48.44,50.56
58,50.62,49.12,50.35,50.77,50.39,50.82,53.72,52.11,53.76,50.95,51.41,49.21,49.89,51.38,55.01,49.74,49.28,50.54,51.65,50.42,51.11,49.72,52.98,53.58,51.9,47.76,49.3,48.67,48.28,51.83,52.22,51.34,50.74,49.38,50.75,52.34,52.73,49.71,49.78,51.1,52.25,49.49,52.16,51.55,50.92,50.0,51.9,48.5,48.35,50.39,49.67,50.0,52.39,46.96,50.16,50.73,0.0,50.06,50.57,49.6,49.34,54.65,50.41,52.35,50.16,51.91,51.39,48.88,49.5,52.34,48.73,51.59,51.02,50.98,51.26,51.91,52.06,51.7,47.07,51.46,53.95,51.63,52.78,51.38,48.38,50.35,50.81,52.15,48.27,50.11,51.63,50.16,50.58,50.44,49.09,51.62,50.17,48.93,49.89,50.73,49.94,47.01,51.43,52.59,53.22,52.11,50.17
59,53.32,52.48,52.03,48.82,47.98,50.54,50.4,46.58,49.77,50.23,51.03,52.38,50.28,48.8,52.26,49.77,49.2,49.44,49.31,50.06,49.94,52.18,50.88,50.27,51.37,51.6,51.25,49.77,52.49,52.03,51.78,49.78,50.97,50.83,47.43,51.58,50.79,50.96,50.79,49.04,50.46,50.24,52.43,48.38,52.74,52.47,50.57,49.76,46.09,49.55,50.05,48.95,51.28,53.75,49.94,50.0,50.06,0.0,52.0,48.29,50.11,48.25,49.35,50.97,49.34,51.56,50.74,50.06,49.55,48.1,48.61,52.86,50.37,51.68,47.28,52.42,51.25,50.23,50.24,51.53,49.17,50.6,51.56,47.38,49.26,47.94,51.39,51.36,51.86,48.0,50.78,48.74,51.59,47.96,49.4,49.95,48.32,47.86,49.28,48.85,47.66,52.85,47.97,51.53,49.17,49.01,53.05
60,53.32,47.63,48.86,48.9,49.78,49.94,47.48,48.45,51.67,53.75,49.52,51.86,50.0,51.16,50.06,48.63,50.58,48.6,49.26,47.0,49.77,49.15,52.0,50.64,51.24,47.67,48.09,49.22,50.83,51.11,50.97,49.38,48.08,49.89,46.88,50.47,51.72,50.47,49.94,47.52,50.99,52.74,48.57,49.78,47.25,52.57,47.88,49.94,50.45,47.54,48.45,47.91,50.0,48.12,48.82,48.44,50.57,52.0,0.0,49.77,48.36,48.76,51.09,49.22,49.55,50.45,50.0,52.13,49.89,46.96,47.92,49.45,50.06,50.77,52.19,48.78,50.89,52.15,48.49,50.39,50.46,50.8,51.04,49.27,49.89,51.39,48.84,48.32,50.0,51.19,47.74,48.86,48.9,48.54,48.47,49.51,48.66,50.43,46.53,49.77,49.3,48.83,48.82,52.46,49.54,48.72,48.5
61,50.24,49.94,50.16,51.11,46.15,49.1,50.28,48.77,51.9,50.39,46.69,50.11,48.39,51.02,50.89,52.15,48.45,49.94,52.56,49.5,47.91,50.5,47.9,49.47,47.25,52.9,49.11,48.21,47.81,48.34,50.06,51.7,53.2,49.57,50.4,51.91,50.57,47.64,48.01,49.31,49.77,49.83,50.84,49.7,50.29,52.76,48.87,49.6,50.87,48.97,51.94,48.78,50.57,48.12,50.64,47.48,49.6,48.29,49.77,0.0,48.66,49.79,47.47,51.31,49.73,48.29,48.97,48.83,46.11,50.28,47.86,51.66,50.49,49.42,50.65,50.72,50.77,49.5,45.5,49.36,49.83,50.11,49.72,46.69,45.69,49.14,49.28,50.06,50.89,52.14,46.68,49.16,52.35,51.79,44.87,48.34,52.16,52.32,48.01,47.96,50.42,51.1,48.08,50.42,49.89,48.34,51.16
62,50.7,49.72,49.83,49.14,49.25,48.52,48.81,50.0,48.2,50.77,49.2,51.81,52.59,51.18,47.19,49.18,50.16,48.88,49.33,51.53,46.0,49.88,51.34,50.87,48.87,54.11,50.71,51.92,49.14,52.8,49.54,50.0,50.74,50.99,46.24,49.2,50.6,48.06,50.89,47.92,48.5,51.42,47.36,53.78,50.45,48.13,48.73,47.34,52.41,46.53,50.56,51.31,52.22,48.15,48.58,48.97,49.34,50.11,48.36,48.66,0.0,46.67,49.77,52.26,51.93,47.25,47.22,45.29,50.33,52.61,47.66,49.73,51.02,50.44,50.43,48.54,49.11,48.02,50.93,48.11,52.57,50.4,48.08,49.04,51.38,51.29,48.5,52.78,50.0,48.47,50.0,49.39,48.5,50.06,48.93,46.12,47.88,49.88,54.48,51.99,49.5,47.31,50.22,50.4,49.35,49.82,52.92
63,52.41,50.96,49.38,49.34,51.15,51.06,46.45,47.99,50.72,49.61,53.67,49.04,49.45,48.95,48.01,49.24,53.49,48.79,49.61,51.54,47.5,49.55,49.38,51.65,46.67,49.17,52.77,49.95,49.26,46.2,49.17,51.09,50.51,47.34,48.41,50.23,48.93,51.47,49.37,51.0,49.63,52.52,48.78,51.05,49.82,49.19,46.79,49.0,48.34,51.86,53.15,50.21,50.28,54.32,52.55,48.86,54.65,48.25,48.76,49.79,46.67,0.0,50.16,49.16,49.78,48.74,47.58,52.6,49.94,46.45,46.88,49.45,52.17,51.14,50.0,48.1,52.5,50.84,50.33,50.06,50.16,48.85,50.11,47.94,51.38,49.61,50.0,47.55,51.83,50.64,54.43,50.72,47.4,49.94,51.11,50.06,50.92,48.68,50.41,51.66,50.11,49.35,50.62,51.14,48.65,50.56,50.06
64,49.3,49.08,51.08,47.81,48.87,47.54,53.06,49.78,50.78,48.94,50.06,49.76,49.09,49.21,49.83,49.09,50.77,50.24,51.08,51.44,51.4,50.74,51.66,48.51,51.23,48.38,45.95,48.97,49.15,49.33,51.21,49.73,47.96,50.92,50.0,49.47,51.97,51.31,49.71,49.88,50.75,49.07,48.28,48.89,51.91,50.12,50.06,49.53,49.42,51.23,48.42,51.97,49.03,50.71,48.79,51.36,50.41,49.35,51.09,47.47,49.77,50.16,0.0,52.41,50.38,49.06,48.9,51.88,53.06,48.6,51.51,50.76,49.49,48.66,49.18,51.12,48.8,47.03,48.55,51.3,49.89,48.46,50.17,48.94,50.05,48.75,50.38,49.55,52.39,53.16,48.37,48.51,50.89,49.83,48.33,49.42,49.05,51.19,49.89,48.3,47.92,50.66,50.79,51.66,54.7,50.0,48.08
65,50.85,50.28,49.11,50.39,47.66,51.4,49.77,48.69,50.85,50.5,52.26,51.79,52.42,51.28,50.8,50.29,49.57,48.05,49.88,50.24,53.73,50.58,50.7,52.44,51.41,48.03,49.58,48.67,52.16,52.13,50.92,48.11,51.07,50.06,49.4,51.44,51.44,50.06,48.74,49.94,50.0,52.44,51.7,50.72,48.45,50.29,48.56,48.67,50.81,51.22,53.72,48.14,50.0,50.45,52.78,48.64,52.35,50.97,49.22,51.31,52.26,49.16,52.41,0.0,46.36,50.77,49.84,51.0,50.51,50.93,52.05,49.08,48.26,49.44,49.89,50.0,50.86,53.18,49.73,49.89,51.78,49.43,50.72,49.57,48.51,50.68,50.55,50.96,48.71,50.64,51.21,50.65,50.87,48.15,50.9,53.04,49.77,52.06,54.26,52.75,49.31,53.03,50.46,47.56,53.41,49.19,49.83
66,43.82,49.94,49.89,48.82,49.37,52.4,48.38,50.16,49.94,49.77,51.26,50.16,54.41,49.11,50.06,49.39,48.91,47.86,51.43,51.62,50.5,47.42,48.07,50.34,52.36,49.82,49.42,49.29,53.22,48.57,49.65,53.08,54.85,51.02,50.44,49.2,51.11,49.04,49.67,50.41,51.59,50.85,49.67,48.87,51.67,52.86,50.56,50.73,50.11,48.68,51.16,53.05,49.38,50.0,50.45,53.89,50.16,49.34,49.55,49.73,51.93,49.78,50.38,46.36,0.0,48.62,48.61,49.09,48.05,49.76,51.26,53.26,48.88,49.13,51.16,50.56,52.13,52.27,51.75,51.72,47.82,49.31,52.25,52.78,51.66,49.89,47.26,47.89,50.66,52.59,50.92,48.26,49.2,48.39,50.17,49.18,51.67,52.09,51.37,49.83,49.77,50.24,50.39,48.95,50.1,52.53,45.91
67,51.41,50.23,50.28,48.06,51.81,50.06,49.78,49.24,48.31,49.04,48.5,47.09,50.23,47.75,50.57,50.06,49.57,48.89,49.58,50.11,50.34,51.18,51.38,54.25,48.78,51.79,50.77,50.67,50.5,49.77,52.39,50.8,47.94,47.64,48.37,50.0,53.43,51.72,49.48,49.88,49.02,52.26,53.01,50.06,48.4,47.18,48.91,48.14,51.2,51.66,50.0,51.02,43.8,49.72,50.59,46.62,51.91,51.56,50.45,48.29,47.25,48.74,49.06,50.77,48.62,0.0,49.43,51.31,46.62,46.08,46.58,49.65,50.06,49.3,51.02,50.06,50.46,50.32,52.84,53.55,52.53,51.95,52.41,48.6,46.74,49.6,48.94,50.93,48.11,48.37,52.71,48.46,51.6,50.94,52.14,46.56,49.11,51.01,50.0,47.9,49.06,50.06,45.53,49.52,52.45,51.35,50.11
68,51.12,50.67,50.05,50.74,48.59,49.77,50.06,51.01,50.34,50.55,49.08,49.78,47.01,47.37,51.51,49.05,51.38,46.68,49.21,48.98,48.6,48.43,46.99,49.94,51.58,50.72,51.3,49.83,49.1,48.41,48.2,51.18,48.67,49.27,48.75,48.51,50.79,48.56,46.33,50.28,49.48,49.44,49.67,48.18,51.23,48.91,49.38,51.81,50.74,48.72,51.63,50.17,47.04,50.46,49.06,47.32,51.39,50.74,50.0,48.97,47.22,47.58,48.9,49.84,48.61,49.43,0.0,50.44,51.36,48.91,46.58,50.98,46.67,48.15,46.12,50.58,47.58,49.13,49.08,49.59,49.5,46.85,52.15,48.43,47.69,46.01,47.95,46.49,49.61,50.8,49.06,48.75,48.01,50.67,48.28,49.65,51.47,47.82,46.84,47.22,48.89,50.0,48.45,48.84,50.62,47.89,47.07
69,48.62,49.71,50.8,51.6,49.05,50.0,48.02,50.12,49.53,51.04,50.78,46.28,47.46,50.11,50.46,50.0,52.73,51.6,47.67,50.17,51.19,50.34,49.61,49.03,48.93,51.13,51.12,51.69,51.93,49.21,50.67,49.89,49.75,51.34,51.39,49.83,48.15,52.12,51.47,50.42,48.47,51.52,51.03,53.01,49.22,53.98,48.97,52.3,46.42,50.23,50.59,51.46,49.29,51.52,47.21,50.98,48.88,50.06,52.13,48.83,45.29,52.6,51.88,51.0,49.09,51.31,50.44,0.0,50.23,51.29,51.64,49.89,49.67,47.02,49.68,49.03,50.44,50.5,49.72,49.17,49.07,48.53,52.33,49.41,50.18,47.64,53.38,48.25,49.66,48.8,50.47,49.63,52.35,48.71,51.48,49.26,48.17,47.66,50.17,48.26,50.81,47.52,47.72,50.58,50.33,49.88,50.72
70,48.24,47.15,49.13,50.11,46.17,49.32,50.58,51.0,49.11,51.02,54.07,48.07,48.27,48.8,50.28,49.26,53.85,50.3,51.52,50.3,47.18,48.0,50.75,49.52,48.55,52.14,50.34,47.76,52.95,51.73,53.6,49.51,51.96,49.67,50.55,50.18,47.59,50.17,50.11,49.78,52.28,49.49,48.38,49.35,51.08,49.21,50.29,51.17,49.89,50.0,48.77,52.47,49.49,50.35,50.65,48.85,49.5,49.55,49.89,46.11,50.33,49.94,53.06,50.51,48.05,46.62,51.36,50.23,0.0,54.98,47.95,51.0,51.13,50.17,53.0,48.4,51.97,51.43,50.06,53.99,47.86,51.88,51.22,49.42,52.03,48.47,49.7,51.41,50.5,49.49,47.4,51.39,51.09,48.08,47.53,50.0,49.2,48.81,49.77,47.18,52.1,50.42,52.31,51.8,47.65,49.7,50.23
71,50.17,50.91,49.58,46.68,49.76,48.68,53.97,47.82,50.0,50.65,48.69,47.5,48.52,49.44,49.49,49.49,50.34,48.61,47.83,52.52,49.21,49.32,48.2,49.78,50.74,48.34,48.58,49.57,50.81,52.86,50.58,50.06,49.26,51.36,50.79,52.02,51.51,48.39,50.18,49.32,49.95,53.74,50.23,48.83,52.18,50.3,49.49,47.82,51.53,50.7,48.92,47.23,48.57,49.82,49.51,49.34,52.34,48.1,46.96,50.28,52.61,46.45,48.6,50.93,49.76,46.08,48.91,51.29,54.98,0.0,49.64,47.54,49.83,48.54,50.34,46.9,50.3,51.47,50.77,52.33,50.12,50.98,49.48,50.47,50.12,48.19,48.33,50.5,50.57,51.24,51.81,49.54,49.01,49.95,51.24,50.96,48.11,50.51,47.65,49.65,49.71,49.47,46.65,50.96,51.17,50.85,50.45
72,49.26,45.29,52.58,49.42,50.93,49.83,46.79,51.46,47.71,52.28,49.6,47.9,50.06,50.57,51.31,49.02,50.69,47.0,48.38,49.89,50.17,49.09,47.23,49.43,48.11,51.83,48.89,50.86,50.97,48.0,48.24,50.63,51.34,52.04,52.73,51.63,49.77,50.17,49.16,48.95,51.9,53.08,49.71,48.35,50.06,48.15,45.79,48.94,48.83,49.24,46.93,51.31,49.58,50.46,50.28,46.41,48.73,48.61,47.92,47.86,47.66,46.88,51.51,52.05,51.26,46.58,46.58,51.64,47.95,49.64,0.0,51.17,50.33,49.26,52.26,49.41,48.82,50.4,49.37,52.61,51.57,47.11,51.65,51.05,47.44,49.94,50.06,47.26,48.93,49.78,51.75,50.97,50.8,49.94,52.3,49.28,50.12,52.46,50.73,47.84,50.95,49.82,48.65,49.6,48.79,51.55,50.23
73,49.49,48.62,50.79,50.22,49.26,49.6,50.0,50.99,49.26,48.65,51.89,50.28,50.41,50.66,50.5,48.68,49.5,52.37,50.74,49.55,51.09,48.89,49.46,52.35,50.5,50.96,54.7,48.5,49.77,47.0,50.0,51.86,51.63,51.01,49.94,51.04,48.52,51.34,52.63,50.0,48.54,50.06,51.07,50.61,51.48,50.17,52.54,50.06,47.93,50.58,51.48,50.39,51.6,50.23,50.7,50.65,51.59,52.86,49.45,51.66,49.73,49.45,50.76,49.08,53.26,49.65,50.98,49.89,51.0,47.54,51.17,0.0,49.18,48.56,48.79,49.46,52.48,50.81,51.29,50.0,50.17,47.25,52.26,52.54,50.0,52.19,50.74,48.32,51.55,52.2,52.41,49.28,52.26,47.73,50.79,51.12,48.9,49.08,49.77,50.64,47.49,49.61,50.93,48.51,50.36,49.55,50.94
74,49.02,50.23,49.56,48.46,51.99,47.99,47.28,49.2,48.56,49.89,52.47,52.39,47.61,48.88,50.12,49.56,48.86,49.35,46.22,49.06,49.39,50.97,46.78,47.88,49.39,48.05,50.18,49.06,49.08,50.32,53.87,50.11,49.32,49.45,49.26,49.65,50.77,48.45,48.54,51.85,50.05,47.77,48.53,52.38,50.88,48.22,49.83,50.16,48.16,50.51,49.94,51.61,49.82,49.35,50.46,48.07,51.02,50.37,50.06,50.49,51.02,52.17,49.49,48.26,48.88,50.06,46.67,49.67,51.13,49.83,50.33,49.18,0.0,47.69,48.54,49.57,49.89,50.82,47.85,49.22,50.75,48.39,51.92,49.94,50.28,50.62,50.34,52.65,51.72,50.41,51.42,50.44,53.75,50.06,49.35,47.21,49.48,50.91,49.89,50.82,48.32,48.51,49.89,48.83,47.81,49.78,51.05
75,48.92,50.67,50.0,49.94,51.52,50.0,49.37,46.74,47.8,50.0,50.16,49.07,49.5,48.73,50.61,46.58,49.24,52.03,53.94,50.75,49.27,47.6,49.76,50.28,47.84,52.94,47.82,49.89,51.95,50.48,48.66,49.15,51.06,48.73,52.63,47.56,50.49,48.36,49.89,48.09,51.02,48.9,48.82,51.12,49.27,51.01,53.8,48.3,48.5,49.25,48.85,47.79,49.72,49.41,49.24,50.17,50.98,51.68,50.77,49.42,50.44,51.14,48.66,49.44,49.13,49.3,48.15,47.02,50.17,48.54,49.26,48.56,47.69,0.0,48.12,49.94,49.12,46.88,45.97,50.55,48.8,49.02,51.9,51.83,48.7,49.59,48.23,49.45,49.11,47.64,48.89,45.72,48.22,52.51,47.45,46.07,47.34,47.53,48.95,47.54,46.54,49.03,49.95,49.38,51.17,50.33,49.25
76,50.0,50.29,49.94,50.52,47.34,49.57,51.38,48.71,52.82,51.29,49.63,47.65,51.12,50.78,50.5,49.63,49.59,51.59,53.06,50.45,49.94,50.11,49.61,52.39,49.08,51.87,50.06,46.17,51.52,50.17,51.51,52.37,52.03,50.11,49.13,50.33,51.68,48.37,50.29,51.04,51.31,50.4,52.48,52.29,52.38,51.63,47.73,50.0,48.14,48.35,51.39,49.49,48.58,51.32,49.22,51.18,51.26,47.28,52.19,50.65,50.43,50.0,49.18,49.89,51.16,51.02,46.12,49.68,53.0,50.34,52.26,48.79,48.54,48.12,0.0,49.15,50.58,50.98,52.31,50.17,52.55,48.4,52.12,48.59,52.52,47.45,52.33,49.15,49.68,51.34,51.09,52.26,50.0,50.99,47.33,51.94,48.92,49.54,52.91,47.58,48.63,48.69,47.51,53.2,50.47,48.79,50.49
77,50.43,49.5,48.89,48.98,50.22,47.5,48.08,49.12,49.22,49.67,49.0,48.49,45.01,51.94,50.68,49.73,48.46,49.84,49.94,48.65,50.79,48.2,50.56,49.94,49.83,50.29,50.06,48.01,47.23,48.93,49.66,48.1,52.02,47.78,47.77,46.03,51.06,51.15,52.1,49.5,48.79,53.11,48.91,49.89,50.78,49.43,48.03,50.54,49.06,51.28,52.52,50.34,51.39,52.27,49.94,49.78,51.91,52.42,48.78,50.72,48.54,48.1,51.12,50.0,50.56,50.06,50.58,49.03,48.4,46.9,49.41,49.46,49.57,49.94,49.15,0.0,49.28,45.22,50.74,51.82,49.04,50.83,51.16,51.25,45.7,48.75,48.13,49.1,45.72,49.38,50.17,49.5,48.12,50.47,48.27,50.87,49.72,50.98,53.28,50.97,49.15,49.24,49.09,47.3,48.16,47.07,48.46
78,47.27,50.63,49.94,51.46,52.7,50.06,50.0,48.83,48.98,50.22,48.7,49.61,50.39,49.94,46.11,51.56,48.89,50.96,53.36,48.84,54.92,53.99,50.49,52.51,47.85,49.49,50.91,48.98,48.01,48.55,49.77,51.02,47.81,48.71,47.99,51.22,50.74,51.58,49.24,50.28,52.3,50.21,48.75,51.37,51.31,49.34,47.67,49.56,47.23,49.29,52.9,50.72,52.83,48.87,50.34,50.33,52.06,51.25,50.89,50.77,49.11,52.5,48.8,50.86,52.13,50.46,47.58,50.44,51.97,50.3,48.82,52.48,49.89,49.12,50.58,49.28,0.0,51.59,48.41,50.85,48.66,50.23,49.07,50.8,48.85,49.33,49.88,48.25,50.06,48.97,48.99,49.62,49.26,49.71,48.55,49.25,51.78,51.26,52.16,46.8,51.48,51.97,48.07,53.42,52.26,51.13,49.78
79,52.93,51.67,49.5,51.08,49.15,48.51,52.76,49.31,50.66,51.76,52.58,47.98,50.65,50.64,51.43,50.74,54.4,46.93,51.12,50.93,50.96,50.81,51.77,51.44,50.0,49.05,48.43,53.66,46.42,48.56,51.64,51.12,51.9,50.88,51.92,50.94,51.28,49.0,49.72,53.19,51.0,51.02,49.71,45.59,51.19,50.34,46.76,50.9,49.94,51.91,48.75,49.72,50.17,49.83,47.46,48.88,51.7,50.23,52.15,49.5,48.02,50.84,47.03,53.18,52.27,50.32,49.13,50.5,51.43,51.47,50.4,50.81,50.82,46.88,50.98,45.22,51.59,0.0,48.3,50.43,49.72,49.83,46.95,51.99,48.16,48.21,50.81,50.0,47.36,48.96,48.03,50.17,51.17,51.34,48.08,48.67,49.65,49.6,46.72,46.96,49.61,50.23,46.69,52.05,50.97,54.42,50.69
80,51.31,49.49,51.33,48.13,50.22,50.06,50.41,48.74,52.81,49.09,49.83,53.22,49.22,49.89,48.31,50.89,48.6,45.79,47.6,47.89,48.98,51.06,48.53,51.68,50.27,51.67,51.6,47.71,49.12,48.04,50.0,52.57,47.49,49.51,47.22,49.79,50.58,50.0,50.9,49.62,49.89,50.57,48.0,50.0,50.87,51.0,47.72,47.82,46.51,50.66,47.62,48.82,49.66,50.28,48.92,47.12,47.07,50.24,48.49,45.5,50.93,50.33,48.55,49.73,51.75,52.84,49.08,49.72,50.06,50.77,49.37,51.29,47.85,45.97,52.31,50.74,48.41,48.3,0.0,49.82,48.98,51.77,51.1,50.11,49.36,47.77,48.52,50.35,52.42,50.64,46.09,49.84,51.07,50.61,48.77,49.51,46.77,50.32,47.21,46.27,50.35,49.88,54.76,51.08,49.61,54.93,50.48
81,50.84,48.38,52.86,48.22,55.67,50.35,48.48,48.12,52.02,53.71,52.51,52.69,49.6,51.41,52.92,48.08,54.08,53.94,51.61,51.94,49.55,50.0,50.62,52.22,49.13,52.72,50.17,49.61,53.2,51.82,50.05,47.6,51.07,51.49,51.49,51.31,49.59,50.29,49.89,51.34,48.94,50.22,51.4,54.15,48.57,49.88,52.38,49.07,50.35,50.83,51.02,49.28,52.63,48.51,53.99,48.6,51.46,51.53,50.39,49.36,48.11,50.06,51.3,49.89,51.72,53.55,49.59,49.17,53.99,52.33,52.61,50.0,49.22,50.55,50.17,51.82,50.85,50.43,49.82,0.0,52.6,51.82,50.12,51.58,48.29,51.58,50.48,51.35,51.6,53.99,48.45,50.5,48.75,52.79,51.32,49.49,51.05,50.62,52.6,53.5,49.66,51.14,50.8,49.6,53.63,50.22,50.85
82,51.91,49.46,49.72,49.56,48.91,52.95,46.85,49.6,52.54,51.18,49.37,48.36,49.67,50.38,48.61,51.35,52.88,50.5,49.67,49.49,53.06,49.79,48.68,51.27,49.04,50.59,48.68,48.13,52.93,50.97,49.89,50.0,50.26,50.05,48.49,46.83,50.7,49.4,48.95,48.69,51.46,51.83,51.76,50.45,54.16,51.54,51.44,51.43,48.6,51.14,47.98,51.49,48.31,51.71,49.54,48.42,53.95,49.17,50.46,49.83,52.57,50.16,49.89,51.78,47.82,52.53,49.5,49.07,47.86,50.12,51.57,50.17,50.75,48.8,52.55,49.04,48.66,49.72,48.98,52.6,0.0,49.61,54.14,50.53,49.72,50.18,48.3,50.18,49.71,51.36,49.78,48.01,51.47,50.23,48.86,51.06,51.64,49.19,52.9,49.59,50.33,53.25,50.34,54.73,51.86,53.93,52.59
83,50.22,48.71,46.14,47.77,48.94,51.14,47.88,52.04,50.17,49.02,50.34,52.03,46.09,48.39,51.48,48.41,48.35,49.37,50.95,46.41,52.54,47.47,50.4,51.48,49.83,51.86,49.89,50.21,50.75,48.2,49.73,51.14,49.14,54.8,51.48,49.25,51.85,49.5,50.23,49.78,48.38,47.02,49.89,50.24,47.48,48.33,52.0,49.13,49.13,48.74,47.84,49.25,48.45,47.13,48.18,48.65,51.63,50.6,50.8,50.11,50.4,48.85,48.46,49.43,49.31,51.95,46.85,48.53,51.88,50.98,47.11,47.25,48.39,49.02,48.4,50.83,50.23,49.83,51.77,51.82,49.61,0.0,48.46,51.29,51.51,46.41,50.63,49.72,50.53,52.42,54.93,51.53,50.5,50.83,49.33,51.18,47.97,52.91,49.95,51.52,51.15,55.95,47.91,50.93,50.11,51.0,49.77
84,52.0,51.95,50.0,50.61,50.11,52.13,50.62,50.39,51.66,50.45,51.91,48.27,52.14,51.42,49.12,52.07,50.24,51.36,49.31,48.06,50.17,50.39,47.47,47.54,50.69,50.75,51.66,52.0,51.52,52.32,53.39,50.06,51.3,50.46,49.48,51.57,51.68,52.26,50.06,51.12,48.09,52.26,51.65,50.35,52.28,53.14,49.33,53.74,48.72,47.4,51.35,50.98,50.22,51.21,49.95,50.84,52.78,51.56,51.04,49.72,48.08,50.11,50.17,50.72,52.25,52.41,52.15,52.33,51.22,49.48,51.65,52.26,51.92,51.9,52.12,51.16,49.07,46.95,51.1,50.12,54.14,48.46,0.0,50.52,50.22,50.31,51.41,49.32,48.96,48.32,52.33,50.11,53.12,50.99,45.7,51.2,50.0,51.52,50.55,49.23,50.63,50.45,50.46,49.82,50.24,51.03,52.64
85,49.16,47.9,49.72,48.59,50.11,50.12,49.95,47.7,51.26,49.89,50.89,50.0,51.2,50.12,51.85,47.79,50.62,48.83,48.2,50.17,50.17,50.4,48.65,49.04,51.49,50.65,50.94,53.71,52.62,53.88,51.41,50.05,48.74,51.06,50.23,50.99,46.88,52.36,49.18,49.78,49.49,51.25,50.22,45.11,51.04,53.4,49.28,49.94,50.8,50.06,49.4,48.51,51.01,52.65,50.49,49.26,51.38,47.38,49.27,46.69,49.04,47.94,48.94,49.57,52.78,48.6,48.43,49.41,49.42,50.47,51.05,52.54,49.94,51.83,48.59,51.25,50.8,51.99,50.11,51.58,50.53,51.29,50.52,0.0,47.43,51.68,48.52,49.66,48.37,51.27,49.41,51.55,50.0,48.78,49.61,49.64,48.93,51.22,49.55,47.84,47.31,48.0,47.87,49.67,46.07,50.17,52.32
86,52.05,47.29,48.78,50.0,48.5,51.45,51.41,45.58,49.89,48.12,48.85,50.9,49.36,49.01,47.49,49.3,46.1,48.54,48.67,50.49,51.02,50.62,50.77,52.11,49.7,50.9,49.65,53.68,50.7,49.39,47.98,50.59,50.51,50.38,53.58,50.49,49.17,49.53,45.11,49.89,49.95,49.14,49.06,49.21,48.62,46.93,46.24,53.57,49.38,49.65,51.03,49.51,52.69,49.08,47.53,49.21,48.38,49.26,49.89,45.69,51.38,51.38,50.05,48.51,51.66,46.74,47.69,50.18,52.03,50.12,47.44,50.0,50.28,48.7,52.52,45.7,48.85,48.16,49.36,48.29,49.72,51.51,50.22,47.43,0.0,53.99,50.97,49.08,48.04,47.99,52.86,48.28,46.56,48.31,49.19,51.18,47.7,50.11,50.0,49.05,50.17,48.22,50.47,51.93,48.23,52.22,51.14
87,51.74,50.47,48.88,51.34,51.58,51.0,49.77,47.47,49.54,52.56,49.72,50.88,51.51,47.34,49.28,48.34,47.19,51.86,50.29,49.59,50.54,50.63,52.13,50.12,50.12,48.89,49.08,49.51,49.83,52.11,49.2,48.18,51.04,52.83,50.27,51.96,48.79,47.45,49.17,50.67,51.42,46.94,49.53,49.47,50.29,49.15,49.43,49.72,51.23,52.02,49.02,52.81,53.39,49.88,50.5,50.91,50.35,47.94,51.39,49.14,51.29,49.61,48.75,50.68,49.89,49.6,46.01,47.64,48.47,48.19,49.94,52.19,50.62,49.59,47.45,48.75,49.33,48.21,47.77,51.58,50.18,46.41,50.31,51.68,53.99,0.0,50.6,49.32,52.33,52.87,50.47,50.34,49.61,50.0,50.17,49.7,48.18,51.22,47.58,47.87,48.64,50.06,49.65,48.88,50.64,52.66,49.74
88,51.04,46.29,51.83,48.39,50.69,48.26,49.94,47.61,51.7,51.69,49.46,48.44,47.89,49.26,50.75,51.95,51.29,48.65,49.88,51.7,51.76,48.28,51.74,49.02,51.32,49.49,52.49,51.53,47.88,50.54,48.63,50.83,49.94,49.14,50.63,50.92,50.47,49.13,51.72,50.43,50.77,51.78,49.77,48.99,50.42,49.09,47.05,51.39,48.96,47.56,50.0,47.06,51.37,53.2,49.77,51.19,50.81,51.39,48.84,49.28,48.5,50.0,50.38,50.55,47.26,48.94,47.95,53.38,49.7,48.33,50.06,50.74,50.34,48.23,52.33,48.13,49.88,50.81,48.52,50.48,48.3,50.63,51.41,48.52,50.97,50.6,0.0,48.85,50.67,49.67,51.29,53.66,50.16,50.05,49.38,48.58,48.68,51.41,52.07,49.58,49.23,47.85,50.33,52.57,51.17,47.03,49.79
89,47.02,47.15,49.35,49.26,49.88,48.11,51.37,47.69,50.62,50.17,50.72,51.75,51.91,50.45,50.93,55.25,51.12,51.42,49.36,50.48,49.66,49.89,48.89,53.42,51.13,51.09,49.83,50.84,50.53,52.67,49.26,50.61,50.0,51.23,51.52,48.22,52.38,48.94,48.8,47.42,51.54,51.86,51.57,48.25,51.74,48.65,46.86,49.88,47.08,49.06,51.01,50.17,45.36,48.67,48.76,50.78,52.15,51.36,48.32,50.06,52.78,47.55,49.55,50.96,47.89,50.93,46.49,48.25,51.41,50.5,47.26,48.32,52.65,49.45,49.15,49.1,48.25,50.0,50.35,51.35,50.18,49.72,49.32,49.66,49.08,49.32,48.85,0.0,48.66,50.7,48.19,50.17,53.69,47.05,48.5,48.98,50.84,50.97,48.3,47.06,47.26,50.28,47.18,48.4,48.99,50.66,48.0
90,49.78,51.42,49.31,50.61,50.6,50.29,51.76,48.67,50.55,49.47,48.3,48.79,51.32,50.88,50.74,50.23,50.6,50.18,48.74,53.04,49.89,51.81,49.23,51.27,49.62,51.27,53.0,51.85,51.69,50.45,49.88,51.48,49.88,49.62,48.49,45.72,48.56,46.67,50.0,49.82,49.0,50.9,50.92,50.8,50.65,53.94,51.08,52.24,47.81,47.0,49.61,52.29,49.52,47.81,51.24,51.33,48.27,51.86,50.0,50.89,50.0,51.83,52.39,48.71,50.66,48.11,49.61,49.66,50.5,50.57,48.93,51.55,51.72,49.11,49.68,45.72,50.06,47.36,52.42,51.6,49.71,50.53,48.96,48.37,48.04,52.33,50.67,48.66,0.0,48.35,50.84,46.37,50.79,47.03,50.82,52.66,52.44,47.52,50.64,49.61,48.86,50.47,48.58,48.98,51.1,52.05,53.02
91,50.47,49.54,51.53,47.69,48.58,49.94,48.39,49.67,50.69,50.86,49.18,50.56,50.62,50.64,51.09,51.8,48.73,49.94,50.82,50.8,52.43,51.98,48.14,51.44,52.73,48.9,47.21,48.35,47.95,48.11,48.42,51.76,48.83,49.24,48.19,50.45,51.24,52.4,50.69,50.64,49.72,48.74,52.22,49.12,51.19,51.67,49.71,47.26,52.01,49.67,49.82,49.48,49.38,50.06,49.32,49.25,50.11,48.0,51.19,52.14,48.47,50.64,53.16,50.64,52.59,48.37,50.8,48.8,49.49,51.24,49.78,52.2,50.41,47.64,51.34,49.38,48.97,48.96,50.64,53.99,51.36,52.42,48.32,51.27,47.99,52.87,49.67,50.7,48.35,0.0,50.17,49.61,53.63,48.48,51.38,50.49,48.44,48.55,48.82,50.81,51.09,48.9,51.01,48.82,50.33,48.96,50.06
92,51.22,50.29,48.44,51.92,50.51,50.79,49.0,51.27,51.36,48.76,51.21,49.29,52.17,48.38,54.29,50.73,52.24,50.72,50.83,51.51,49.88,53.33,46.65,53.12,50.69,52.93,48.09,51.85,49.77,49.47,46.77,51.87,49.07,48.5,48.74,49.14,48.86,50.06,49.19,49.82,50.34,48.49,50.52,48.38,51.95,50.24,47.54,51.44,48.44,48.9,50.45,51.89,51.33,51.74,52.09,52.76,51.63,50.78,47.74,46.68,50.0,54.43,48.37,51.21,50.92,52.71,49.06,50.47,47.4,51.81,51.75,52.41,51.42,48.89,51.09,50.17,48.99,48.03,46.09,48.45,49.78,54.93,52.33,49.41,52.86,50.47,51.29,48.19,50.84,50.17,0.0,47.13,52.2,50.64,52.47,51.35,50.9,52.49,47.08,53.49,51.22,49.88,52.34,51.78,51.5,50.42,49.47
93,51.21,47.89,50.8,50.23,46.59,48.19,48.44,48.48,49.15,49.13,49.45,49.0,48.72,50.85,51.49,52.81,51.42,50.41,47.57,51.31,50.28,48.16,52.79,51.68,48.68,52.99,52.3,47.43,49.39,50.0,53.21,49.62,48.89,52.41,46.49,51.34,46.67,50.92,50.52,52.12,48.71,48.57,49.13,48.65,47.39,46.53,50.64,47.01,50.4,51.42,49.71,46.14,49.77,48.96,49.09,47.66,50.16,48.74,48.86,49.16,49.39,50.72,48.51,50.65,48.26,48.46,48.75,49.63,51.39,49.54,50.97,49.28,50.44,45.72,52.26,49.5,49.62,50.17,49.84,50.5,48.01,51.53,50.11,51.55,48.28,50.34,53.66,50.17,46.37,49.61,47.13,0.0,51.52,50.36,48.26,50.38,48.73,52.05,49.66,49.84,52.34,51.36,46.38,48.12,49.43,49.4,51.43
94,53.26,50.54,51.35,51.29,49.89,49.6,50.58,52.95,50.11,49.58,49.19,52.3,48.71,48.48,49.14,50.56,52.31,51.9,50.4,49.94,52.47,52.82,49.71,51.31,51.68,50.43,51.95,52.9,48.23,50.48,52.05,52.56,51.99,45.07,48.82,47.49,48.07,50.28,52.46,51.81,49.89,52.56,50.55,52.17,51.68,49.51,52.72,52.6,47.57,49.89,50.87,52.41,52.4,48.31,48.86,50.81,50.58,51.59,48.9,52.35,48.5,47.4,50.89,50.87,49.2,51.6,48.01,52.35,51.09,49.01,50.8,52.26,53.75,48.22,50.0,48.12,49.26,51.17,51.07,48.75,51.47,50.5,53.12,50.0,46.56,49.61,50.16,53.69,50.79,53.63,52.2,51.52,0.0,49.77,51.09,51.82,46.33,51.62,49.09,51.47,50.85,52.89,48.34,47.75,50.4,50.7,49.5
95,51.29,50.0,48.2,52.15,52.37,52.59,50.3,50.29,49.03,48.78,51.63,52.89,49.83,49.94,55.39,51.39,50.12,48.22,52.16,53.64,50.9,49.76,49.27,54.18,48.32,49.7,50.56,53.65,48.56,53.02,50.91,49.89,52.77,54.61,51.37,51.16,51.23,47.8,50.23,50.58,51.84,47.88,49.1,45.96,50.18,47.97,50.28,46.75,51.07,47.33,47.89,51.55,49.58,50.24,51.75,49.48,50.44,47.96,48.54,51.79,50.06,49.94,49.83,48.15,48.39,50.94,50.67,48.71,48.08,49.95,49.94,47.73,50.06,52.51,50.99,50.47,49.71,51.34,50.61,52.79,50.23,50.83,50.99,48.78,48.31,50.0,50.05,47.05,47.03,48.48,50.64,50.36,49.77,0.0,48.64,50.4,50.92,51.49,51.03,50.83,49.11,52.35,48.05,50.18,53.12,49.1,51.47
96,47.96,50.63,48.72,50.11,51.63,52.19,46.59,48.02,49.52,49.12,51.09,48.94,47.06,52.88,47.87,51.75,52.31,50.78,47.4,47.43,49.51,48.21,47.34,49.49,48.94,52.86,50.68,49.89,50.55,49.61,48.23,50.17,48.22,47.4,49.12,50.99,52.51,47.69,50.89,50.12,52.89,48.49,50.23,47.83,49.95,47.59,46.42,49.07,48.05,46.19,48.07,47.25,51.1,51.15,50.69,50.57,49.09,49.4,48.47,44.87,48.93,51.11,48.33,50.9,50.17,52.14,48.28,51.48,47.53,51.24,52.3,50.79,49.35,47.45,47.33,48.27,48.55,48.08,48.77,51.32,48.86,49.33,45.7,49.61,49.19,50.17,49.38,48.5,50.82,51.38,52.47,48.26,51.09,48.64,0.0,50.23,48.48,46.22,49.49,50.0,47.82,53.24,46.87,47.54,48.48,48.97,49.0
97,52.9,50.0,48.55,48.13,53.22,48.5,50.0,50.11,49.26,50.89,50.23,48.72,47.47,48.75,45.07,49.36,49.36,51.22,51.58,48.6,51.63,49.13,50.62,51.77,52.71,50.48,46.99,50.83,50.12,50.67,52.61,48.55,50.75,53.21,50.9,51.69,49.0,50.22,52.23,50.79,48.66,48.08,48.42,48.64,48.79,47.11,52.26,51.2,49.25,48.37,51.06,49.77,50.45,44.24,49.49,47.84,51.62,49.95,49.51,48.34,46.12,50.06,49.42,53.04,49.18,46.56,49.65,49.26,50.0,50.96,49.28,51.12,47.21,46.07,51.94,50.87,49.25,48.67,49.51,49.49,51.06,51.18,51.2,49.64,51.18,49.7,48.58,48.98,52.66,50.49,51.35,50.38,51.82,50.4,50.23,0.0,51.42,49.53,51.05,47.88,49.42,48.79,52.11,52.23,50.35,50.45,49.84
98,49.77,50.89,49.63,47.36,49.0,50.23,47.16,51.24,48.39,48.13,51.52,50.17,51.64,53.23,48.51,48.99,50.54,51.52,49.12,50.44,51.21,48.79,50.43,48.96,50.33,48.05,50.74,47.59,47.84,49.3,52.05,48.68,52.11,49.65,48.19,51.57,49.89,50.06,52.31,47.98,50.12,53.06,49.32,48.75,48.11,51.93,52.13,50.55,46.95,48.89,50.89,48.87,49.66,49.49,50.89,48.45,50.17,48.32,48.66,52.16,47.88,50.92,49.05,49.77,51.67,49.11,51.47,48.17,49.2,48.11,50.12,48.9,49.48,47.34,48.92,49.72,51.78,49.65,46.77,51.05,51.64,47.97,50.0,48.93,47.7,48.18,48.68,50.84,52.44,48.44,50.9,48.73,46.33,50.92,48.48,51.42,0.0,49.18,52.17,49.36,48.16,50.4,49.73,51.11,53.14,51.59,50.93
99,50.7,50.34,52.39,47.77,53.68,49.19,49.47,51.74,50.84,46.61,49.06,50.92,49.47,51.92,48.64,50.23,45.83,51.91,48.7,53.6,49.89,52.07,51.24,48.19,50.36,50.4,49.5,48.98,51.36,49.23,50.12,50.22,49.44,52.12,50.27,50.43,48.33,50.63,51.11,49.44,49.94,52.67,48.75,48.23,49.89,52.45,52.98,48.14,51.33,48.18,49.94,48.69,51.39,50.69,48.55,48.18,48.93,47.86,50.43,52.32,49.88,48.68,51.19,52.06,52.09,51.01,47.82,47.66,48.81,50.51,52.46,49.08,50.91,47.53,49.54,50.98,51.26,49.6,50.32,50.62,49.19,52.91,51.52,51.22,50.11,51.22,51.41,50.97,47.52,48.55,52.49,52.05,51.62,51.49,46.22,49.53,49.18,0.0,49.18,49.06,48.62,49.13,47.64,51.67,53.8,49.28,50.29
100,50.81,48.97,51.41,51.32,50.29,52.46,48.98,49.43,49.83,51.24,52.62,47.95,48.44,53.79,50.63,47.75,51.72,47.8,50.05,47.81,48.02,51.85,49.61,52.59,50.12,50.61,49.32,49.62,50.39,47.88,52.03,52.13,50.87,50.97,49.25,51.53,47.74,49.6,51.78,50.28,49.02,53.41,50.69,51.82,49.01,48.75,48.38,48.39,51.78,50.53,48.97,51.8,49.51,50.17,49.14,47.48,49.89,49.28,46.53,48.01,54.48,50.41,49.89,54.26,51.37,50.0,46.84,50.17,49.77,47.65,50.73,49.77,49.89,48.95,52.91,53.28,52.16,46.72,47.21,52.6,52.9,49.95,50.55,49.55,50.0,47.58,52.07,48.3,50.64,48.82,47.08,49.66,49.09,51.03,49.49,51.05,52.17,49.18,0.0,49.5,47.79,48.15,48.03,49.72,50.17,49.02,50.67
101,50.87,50.52,47.64,45.86,46.54,51.1,50.63,50.17,51.06,49.04,53.69,49.21,49.54,51.91,48.66,50.64,48.73,51.95,50.06,47.76,52.66,51.49,52.78,47.24,50.06,49.06,51.09,47.44,50.24,49.32,52.43,49.83,48.51,51.67,49.13,51.56,51.68,53.78,50.0,53.19,47.47,50.94,50.96,48.45,47.36,50.11,46.61,47.42,48.21,48.83,48.89,51.17,51.06,48.16,50.0,48.1,50.73,48.85,49.77,47.96,51.99,51.66,48.3,52.75,49.83,47.9,47.22,48.26,47.18,49.65,47.84,50.64,50.82,47.54,47.58,50.97,46.8,46.96,46.27,53.5,49.59,51.52,49.23,47.84,49.05,47.87,49.58,47.06,49.61,50.81,53.49,49.84,51.47,50.83,50.0,47.88,49.36,49.06,49.5,0.0,47.5,49.1,49.71,49.56,53.2,50.6,46.65
102,48.86,48.73,52.39,48.16,48.94,48.34,51.36,47.55,52.11,52.11,52.26,50.27,46.71,47.96,49.19,48.55,48.81,50.57,52.65,50.45,51.45,48.7,49.07,48.5,51.99,46.89,49.09,48.48,47.2,49.89,49.49,48.55,49.21,50.24,47.34,51.79,47.39,49.78,47.23,48.51,49.95,51.97,51.46,53.33,50.39,50.0,49.05,49.7,50.75,51.94,49.76,52.06,49.83,52.07,49.78,51.89,49.94,47.66,49.3,50.42,49.5,50.11,47.92,49.31,49.77,49.06,48.89,50.81,52.1,49.71,50.95,47.49,48.32,46.54,48.63,49.15,51.48,49.61,50.35,49.66,50.33,51.15,50.63,47.31,50.17,48.64,49.23,47.26,48.86,51.09,51.22,52.34,50.85,49.11,47.82,49.42,48.16,48.62,47.79,47.5,0.0,49.77,46.31,49.02,50.5,47.13,49.5
103,51.17,52.89,49.77,50.21,49.49,50.18,49.32,48.3,51.85,51.51,49.58,53.69,48.4,52.44,50.17,52.14,48.61,47.96,51.68,52.0,50.94,50.5,49.02,52.52,52.66,50.47,49.89,51.49,49.66,52.38,48.6,51.73,49.41,49.36,49.65,50.0,51.21,49.16,49.42,50.35,49.64,52.95,52.42,47.76,49.62,52.1,50.45,49.43,50.85,50.96,47.74,50.47,50.0,50.24,48.48,50.86,47.01,52.85,48.83,51.1,47.31,49.35,50.66,53.03,50.24,50.06,50.0,47.52,50.42,49.47,49.82,49.61,48.51,49.03,48.69,49.24,51.97,50.23,49.88,51.14,53.25,55.95,50.45,48.0,48.22,50.06,47.85,50.28,50.47,48.9,49.88,51.36,52.89,52.35,53.24,48.79,50.4,49.13,48.15,49.1,49.77,0.0,50.72,48.95,48.21,50.06,47.11
104,48.93,50.73,49.21,49.34,50.69,53.61,48.1,46.28,50.29,51.16,51.82,48.37,50.63,49.12,48.29,48.45,50.51,50.23,50.11,51.45,47.39,49.32,48.61,50.06,51.23,48.92,49.05,52.18,50.53,47.65,50.39,51.42,50.78,48.03,49.31,47.93,48.95,51.11,50.06,48.5,49.44,49.83,51.03,46.78,47.39,50.73,49.58,48.77,48.52,49.32,47.74,48.74,51.55,48.97,48.99,49.05,51.43,47.97,48.82,48.08,50.22,50.62,50.79,50.46,50.39,45.53,48.45,47.72,52.31,46.65,48.65,50.93,49.89,49.95,47.51,49.09,48.07,46.69,54.76,50.8,50.34,47.91,50.46,47.87,50.47,49.65,50.33,47.18,48.58,51.01,52.34,46.38,48.34,48.05,46.87,52.11,49.73,47.64,48.03,49.71,46.31,50.72,0.0,49.78,47.89,48.34,49.47
106,51.6,50.3,53.03,48.09,52.42,52.92,49.37,47.83,48.69,50.28,49.72,49.29,50.18,50.64,53.38,50.87,49.83,48.28,51.41,49.24,51.7,50.39,50.23,49.49,51.43,51.75,51.2,51.95,48.18,49.51,51.16,49.67,54.67,48.64,48.59,50.3,51.49,46.42,48.89,48.95,50.22,52.6,51.69,51.19,50.65,49.69,51.61,50.85,50.73,50.28,49.48,50.86,52.02,50.82,51.79,50.84,52.59,51.53,52.46,50.42,50.4,51.14,51.66,47.56,48.95,49.52,48.84,50.58,51.8,50.96,49.6,48.51,48.83,49.38,53.2,47.3,53.42,52.05,51.08,49.6,54.73,50.93,49.82,49.67,51.93,48.88,52.57,48.4,48.98,48.82,51.78,48.12,47.75,50.18,47.54,52.23,51.11,51.67,49.72,49.56,49.02,48.95,49.78,0.0,53.4,47.69,50.33
107,51.25,51.08,51.91,46.14,48.34,52.35,49.53,50.28,49.82,52.76,49.25,50.71,50.83,52.32,51.08,46.11,48.63,51.87,47.32,49.36,48.4,49.28,48.77,52.01,48.29,49.71,50.73,52.06,48.65,53.22,49.57,49.11,50.74,52.3,52.15,49.19,52.99,52.6,51.56,51.9,49.33,53.08,51.06,52.21,47.31,49.27,52.72,50.71,53.13,54.78,48.39,53.54,49.31,48.94,48.1,49.67,53.22,49.17,49.54,49.89,49.35,48.65,54.7,53.41,50.1,52.45,50.62,50.33,47.65,51.17,48.79,50.36,47.81,51.17,50.47,48.16,52.26,50.97,49.61,53.63,51.86,50.11,50.24,46.07,48.23,50.64,51.17,48.99,51.1,50.33,51.5,49.43,50.4,53.12,48.48,50.35,53.14,53.8,50.17,53.2,50.5,48.21,47.89,53.4,0.0,51.21,47.67
108,50.22,51.48,49.88,54.14,48.11,49.32,50.99,49.0,51.25,48.76,52.9,51.3,50.47,47.46,50.41,48.15,50.44,50.06,52.19,47.62,51.07,49.35,48.03,49.78,50.06,49.16,47.54,50.23,48.66,47.67,54.91,48.0,51.08,49.55,50.23,49.77,51.27,47.08,46.86,46.75,50.63,50.06,49.48,46.92,50.81,49.25,48.28,51.01,47.81,48.13,53.09,51.53,47.2,50.58,51.17,48.44,52.11,49.01,48.72,48.34,49.82,50.56,50.0,49.19,52.53,51.35,47.89,49.88,49.7,50.85,51.55,49.55,49.78,50.33,48.79,47.07,51.13,54.42,54.93,50.22,53.93,51.0,51.03,50.17,52.22,52.66,47.03,50.66,52.05,48.96,50.42,49.4,50.7,49.1,48.97,50.45,51.59,49.28,49.02,50.6,47.13,50.06,48.34,47.69,51.21,0.0,49.57
109,51.15,47.06,48.14,49.21,51.25,47.56,45.58,50.06,53.14,51.32,50.12,49.28,48.91,49.83,49.58,49.88,51.33,45.47,47.07,50.42,49.6,50.43,49.53,47.48,48.79,50.11,51.85,50.18,53.26,48.32,50.88,50.62,53.02,47.72,48.86,49.72,48.41,51.36,48.87,51.27,51.08,49.61,49.58,48.71,48.86,47.91,48.77,50.41,50.49,45.97,51.82,50.5,51.0,49.22,49.79,50.56,50.17,53.05,48.5,51.16,52.92,50.06,48.08,49.83,45.91,50.11,47.07,50.72,50.23,50.45,50.23,50.94,51.05,49.25,50.49,48.46,49.78,50.69,50.48,50.85,52.59,49.77,52.64,52.32,51.14,49.74,49.79,48.0,53.02,50.06,49.47,51.43,49.5,51.47,49.0,49.84,50.93,50.29,50.67,46.65,49.5,47.11,49.47,50.33,47.67,49.57,0.0
